28-3905783,802-16-8482,De-engineered scalable hub,6:08:27
44-7620843,820-30-3329,Programmable heuristic task-force,1:05:51
59-3443391,752-98-6529,Devolved neutral intranet,1:31:41
40-2456251,361-38-0119,Polarised executive monitoring,10:14:57
66-8058712,496-48-4215,Reactive eco-centric protocol,14:09:31
13-9857195,406-90-5277,Progressive local workforce,8:06:25
64-2810003,456-45-3137,Phased 3rd generation structure,3:06:47
39-5780347,314-97-3921,Visionary disintermediate access,21:36:32
22-6550454,787-75-6849,Centralized tangible local area network,15:07:15
82-9178720,830-67-2431,Ameliorated clear-thinking focus group,5:26:58
44-8748016,131-23-9741,Expanded national moderator,8:55:40
41-2672524,824-26-6013,Sharable logistical installation,18:21:08
37-5703198,752-65-2774,Cross-platform intangible synergy,1:02:00
84-8108479,290-07-3729,Switchable 4th generation initiative,9:36:56
82-4011931,195-43-2162,Multi-channelled empowering hub,1:26:03
04-0128874,472-57-4458,Cross-platform global process improvement,12:34:22
13-7582834,368-17-9099,Upgradable 24/7 Graphical User Interface,15:04:39
25-5647067,265-10-7303,Persistent 4th generation toolset,2:00:40
19-1094560,729-48-5911,Reactive 3rd generation encoding,23:55:26
82-5272598,816-67-8460,Streamlined context-sensitive contingency,21:32:37
70-4848920,295-89-3683,Focused mobile challenge,6:11:32
98-7375751,847-52-8482,Upgradable tertiary benchmark,23:23:51
51-2735188,390-56-0131,Right-sized multimedia attitude,21:31:23
99-8826037,610-11-9281,Digitized homogeneous strategy,3:14:45
76-6095211,663-34-2655,Synergized executive ability,8:00:44
95-8308818,504-28-7644,Face to face optimal encoding,5:26:53
75-0409040,548-99-9734,Centralized user-facing analyzer,15:59:53
85-2199264,451-16-2752,Vision-oriented impactful local area network,4:37:24
79-6731129,596-07-3776,Right-sized real-time Graphic Interface,22:41:45
29-2509753,736-92-9971,Virtual uniform capacity,5:11:55
85-9173173,339-39-7584,Expanded multi-tasking circuit,13:54:39
26-1670829,655-21-5368,Profit-focused cohesive product,10:59:39
18-5779059,748-22-3603,Robust system-worthy installation,10:39:59
65-6319269,579-90-6722,Team-oriented multimedia installation,19:01:58
22-6770354,161-31-6980,Robust discrete migration,14:04:01
17-3561006,225-73-5661,Quality-focused incremental moratorium,9:13:08
30-7586429,630-22-2295,De-engineered object-oriented success,13:50:50
98-3452661,857-38-3412,Networked multi-tasking archive,9:16:33
88-2855521,246-17-2621,Synergistic zero defect capacity,0:19:37
08-9666783,325-25-0708,Devolved web-enabled flexibility,18:45:23
32-8830953,250-25-5185,Vision-oriented stable framework,5:10:04
29-0288633,150-06-2176,Diverse 5th generation policy,17:47:35
19-0094418,736-46-6650,Organized regional function,6:26:27
42-4993320,868-10-4583,Reactive client-driven alliance,13:41:18
31-7184146,777-89-7241,Front-line intermediate emulation,4:45:01
17-6033268,237-18-5250,Open-source tangible installation,11:52:13
70-7574439,849-19-6859,Secured bandwidth-monitored hub,3:02:53
20-1006874,769-87-2974,Sharable high-level implementation,4:07:52
79-2451859,174-50-6586,Face to face bandwidth-monitored adapter,7:45:17
58-5135191,510-87-7951,Networked national extranet,23:24:37
17-2469487,133-64-0690,Distributed fault-tolerant collaboration,22:11:23
10-2169893,503-19-4882,Reactive 4th generation Graphic Interface,12:21:11
72-5805379,672-02-4248,Total optimizing frame,7:03:48
10-9014556,439-03-1728,Implemented fault-tolerant middleware,21:47:46
31-3656904,269-61-3927,Up-sized systematic policy,10:30:55
24-4045135,872-49-2805,Face to face disintermediate middleware,19:33:33
23-5622354,659-35-0077,Ergonomic didactic framework,14:32:19
32-3863960,131-67-7964,Balanced cohesive info-mediaries,16:53:38
41-8824982,728-15-3324,Synchronised systemic middleware,16:57:53
65-3412159,416-06-1675,Virtual web-enabled flexibility,0:01:31
89-0864933,630-84-4398,Reduced static process improvement,15:29:28
87-2783145,841-14-5830,Versatile tertiary project,11:13:59
00-7743404,126-45-7213,Profound value-added artificial intelligence,21:15:51
14-2193943,621-91-7545,Ameliorated discrete process improvement,5:15:11
48-2005765,207-94-3371,Networked asynchronous implementation,22:34:42
94-2436257,670-13-7681,Reverse-engineered global portal,5:26:35
30-7088054,672-28-3717,Compatible mobile parallelism,0:12:53
36-0680711,238-26-9012,Seamless local model,0:25:21
55-4530572,220-12-4780,Versatile real-time Graphic Interface,9:56:35
74-5315735,623-12-2729,Implemented bottom-line structure,9:12:48
37-7998980,468-12-9144,Cloned cohesive ability,19:19:57
05-5687577,440-59-9351,Grass-roots national service-desk,21:10:16
00-6629505,815-21-9373,Streamlined system-worthy utilisation,2:10:24
93-5347781,289-21-5891,Future-proofed reciprocal local area network,7:11:39
76-5667454,789-64-3727,Synergistic incremental product,23:54:09
87-9555335,194-84-4130,Organic content-based leverage,11:16:53
33-7770451,755-68-8218,Mandatory static benchmark,16:15:10
07-0036595,458-45-2527,Focused transitional architecture,0:53:17
32-5323134,505-45-9788,Business-focused dynamic standardization,3:49:13
16-5602677,867-43-1376,Implemented analyzing forecast,15:58:26
39-1628411,307-05-2777,Open-source client-server ability,0:13:23
55-1801641,309-70-7253,Pre-emptive coherent superstructure,18:00:21
75-3895616,577-63-8802,Persistent 24/7 contingency,2:09:13
93-0230087,563-96-3884,Ameliorated optimal migration,19:17:06
53-9646140,377-04-4686,Profit-focused client-driven intranet,7:43:37
73-8940160,520-64-3089,Robust intangible emulation,21:27:32
12-5549057,773-58-2127,Synergized client-driven project,2:44:35
66-6634047,763-09-3135,Seamless neutral collaboration,16:39:58
46-6401251,246-37-4125,Fully-configurable human-resource interface,10:36:50
87-3193020,426-29-5384,Public-key system-worthy attitude,6:43:59
86-1488697,618-09-4111,Face to face object-oriented circuit,8:14:09
43-7512339,318-52-2055,Persevering exuding task-force,6:45:27
58-8467624,674-41-5910,Optimized 6th generation flexibility,19:52:31
62-9590406,482-53-3417,Decentralized object-oriented secured line,22:35:13
43-1288100,572-97-8331,Organic reciprocal ability,11:59:15
80-6866975,885-62-9595,Expanded solution-oriented superstructure,7:05:22
87-8112113,524-26-9615,Balanced impactful installation,15:06:14
15-2804757,469-33-5483,Upgradable directional firmware,12:28:26
82-4864258,514-61-4610,Innovative homogeneous customer loyalty,4:37:51
98-5542488,702-66-7047,Reduced regional knowledge base,11:05:25
40-4253520,708-68-7560,Innovative value-added concept,18:42:00
97-5003600,481-93-2934,Robust needs-based time-frame,11:12:30
92-5172679,523-17-6012,Re-contextualized systemic paradigm,19:54:04
98-2934538,837-34-0309,Adaptive executive standardization,12:30:23
69-1607806,205-25-4783,Reduced analyzing alliance,19:25:47
48-6469435,215-44-8769,Programmable empowering Graphical User Interface,23:34:12
05-6815898,799-88-7271,Expanded solution-oriented policy,13:31:12
43-6465698,773-52-7213,Quality-focused needs-based utilisation,22:08:33
82-4065436,113-08-6123,Diverse fresh-thinking open system,14:52:13
66-3149174,295-66-2255,Self-enabling real-time projection,1:24:30
39-4219855,384-85-9299,Multi-layered clear-thinking function,22:01:39
48-6428363,834-92-3992,Universal solution-oriented array,21:04:03
29-4139664,719-45-4444,Triple-buffered directional hardware,5:03:47
44-1225252,622-73-6691,Re-contextualized heuristic contingency,16:52:09
53-1837667,262-45-3215,Horizontal asymmetric paradigm,13:05:48
04-2970869,273-32-7905,Cross-group even-keeled superstructure,17:14:01
89-7815910,827-88-4869,Self-enabling bandwidth-monitored approach,21:45:46
54-6431753,226-59-9842,Stand-alone 24/7 knowledge base,13:04:15
79-2451859,520-34-5125,Distributed clear-thinking functionalities,21:21:01
58-5135191,739-57-0260,Cloned object-oriented orchestration,0:27:04
17-2469487,503-27-4939,Synchronised regional system engine,20:46:40
10-2169893,645-17-6668,Streamlined 6th generation array,20:11:58
72-5805379,498-74-3212,Function-based intangible flexibility,8:00:49
10-9014556,407-71-9643,Ameliorated impactful knowledge user,19:48:45
31-3656904,145-89-5893,Compatible real-time interface,23:47:16
24-4045135,573-29-1008,Robust exuding emulation,18:01:30
23-5622354,450-28-2390,Business-focused value-added artificial intelligence,7:57:43
32-3863960,272-26-7150,Inverse heuristic structure,0:10:13
41-8824982,430-65-6422,Synergistic multi-state contingency,15:20:23
65-3412159,758-82-5079,Persistent holistic task-force,5:51:31
89-0864933,893-20-3300,Distributed modular concept,2:00:32
87-2783145,141-19-9298,Phased exuding matrix,1:42:29
00-7743404,373-13-1208,Networked optimal matrices,4:12:06
14-2193943,761-29-8082,User-centric multi-state internet solution,9:43:14
48-2005765,600-95-6663,Reverse-engineered methodical firmware,12:35:45
94-2436257,807-28-0815,Upgradable didactic encoding,6:05:23
30-7088054,841-67-1030,Right-sized interactive installation,1:09:23
36-0680711,161-67-1503,Stand-alone cohesive flexibility,16:05:40
55-4530572,130-96-5495,Universal stable product,7:37:56
74-5315735,551-07-1003,Secured responsive conglomeration,20:23:28
37-7998980,561-29-2050,Down-sized neutral protocol,16:00:16
05-5687577,215-90-8500,Self-enabling optimizing knowledge base,21:12:00
00-6629505,327-25-9130,Reduced static array,22:39:16
93-5347781,815-26-7740,Profound dynamic paradigm,6:49:28
76-5667454,450-22-2385,Enterprise-wide empowering complexity,16:25:48
87-9555335,253-22-0016,Pre-emptive uniform core,8:28:00
33-7770451,258-18-5982,Multi-tiered asymmetric moratorium,11:29:02
07-0036595,621-62-8811,Adaptive bottom-line hardware,7:07:00
32-5323134,640-92-6830,Total executive encryption,20:50:05
16-5602677,227-26-5677,Enterprise-wide explicit middleware,5:11:29
39-1628411,827-39-7197,Down-sized upward-trending project,3:33:53
55-1801641,685-15-9822,Synergized non-volatile interface,5:23:10
75-3895616,185-02-8584,Fundamental executive workforce,11:12:35
93-0230087,459-84-2356,Expanded value-added paradigm,20:49:33
53-9646140,883-93-9231,Profit-focused foreground challenge,10:15:23
73-8940160,442-38-8716,Configurable multimedia implementation,2:45:47
12-5549057,558-74-6033,Streamlined background workforce,1:34:56
66-6634047,523-48-6619,Assimilated value-added standardization,14:15:22
46-6401251,123-74-6473,Profound solution-oriented framework,10:08:18
87-3193020,423-81-7760,Secured coherent projection,9:24:04
86-1488697,484-85-8605,Right-sized next generation hierarchy,2:37:27
43-7512339,272-16-1413,Pre-emptive foreground core,2:09:04
58-8467624,805-64-0110,De-engineered homogeneous service-desk,17:17:26
62-9590406,345-11-2173,Self-enabling systemic project,20:18:36
43-1288100,254-83-1326,Secured dedicated Graphic Interface,16:22:05
80-6866975,265-46-2183,Re-engineered reciprocal matrices,14:22:45
87-8112113,331-76-6737,Multi-channelled systematic architecture,23:02:21
15-2804757,387-10-4184,Multi-channelled multimedia challenge,19:54:50
82-4864258,371-79-1998,Cross-group multi-tasking encoding,22:55:21
98-5542488,662-81-6044,Multi-tiered encompassing standardization,3:28:02
40-4253520,623-05-1763,Vision-oriented client-server help-desk,6:42:12
97-5003600,634-40-6349,Balanced neutral access,5:41:29
92-5172679,862-23-6924,Profound 4th generation portal,4:54:35
98-2934538,141-41-5519,Innovative tangible artificial intelligence,16:11:11
69-1607806,882-10-7268,Expanded disintermediate moderator,19:20:47
48-6469435,129-60-1904,Face to face bottom-line service-desk,10:25:39
05-6815898,428-75-0968,Realigned composite framework,21:52:18
43-6465698,520-13-0703,Decentralized optimizing capacity,7:09:45
82-4065436,382-09-8220,Reduced neutral strategy,8:55:10
66-3149174,743-43-9374,Expanded clear-thinking intranet,11:35:26
39-4219855,562-36-5797,Multi-tiered asymmetric workforce,11:57:19
48-6428363,457-46-6813,Public-key client-driven pricing structure,8:34:46
29-4139664,114-86-0103,Monitored executive installation,2:35:26
44-1225252,551-96-6889,Down-sized radical attitude,21:17:55
53-1837667,319-23-0609,Multi-channelled eco-centric matrices,8:26:25
04-2970869,175-16-9958,De-engineered dynamic success,20:24:21
89-7815910,211-75-2284,Total impactful Graphic Interface,19:08:06
54-6431753,205-47-8887,Innovative interactive archive,7:53:55
73-1315393,879-21-5860,Seamless neutral collaboration,23:21:23
57-5792817,495-34-6511,Reduced context-sensitive contingency,10:11:48
81-0042272,489-55-9549,Secured web-enabled open system,1:09:49
49-0313629,748-71-7015,Configurable tangible approach,0:24:13
26-9558062,396-98-7819,Decentralized client-driven software,11:05:50
25-3197856,762-90-2265,Face to face actuating customer loyalty,16:10:39
84-0600671,844-58-7715,Visionary zero administration middleware,0:01:28
31-5933927,800-45-8223,Exclusive uniform alliance,17:58:01
05-1521729,361-37-7306,Cloned optimizing capacity,20:08:28
75-3611332,538-07-0617,Business-focused value-added utilisation,20:37:01
60-0771352,334-08-8120,Reduced web-enabled system engine,4:20:09
34-3188714,815-95-8738,Decentralized heuristic middleware,7:40:12
36-9941606,165-27-2987,Front-line grid-enabled matrix,14:21:34
34-1138022,172-45-7776,Seamless tertiary flexibility,14:26:31
49-2637647,260-35-5070,Balanced disintermediate monitoring,9:49:19
98-0844392,731-45-6473,Upgradable motivating framework,9:42:14
42-4689112,772-74-7660,Cloned optimizing leverage,19:55:51
81-8906686,797-38-6655,Digitized leading edge approach,10:39:46
47-2295321,128-98-5647,Inverse cohesive protocol,13:05:51
28-9673069,291-93-1507,Upgradable motivating collaboration,2:01:32
86-3610508,347-99-0756,Optimized scalable capability,2:23:06
52-9577528,479-35-4617,Front-line attitude-oriented alliance,11:28:49
95-9283445,497-54-2579,Quality-focused high-level approach,21:14:42
10-4601948,105-63-4597,Sharable system-worthy middleware,11:48:00
37-6688634,376-04-5285,Triple-buffered holistic projection,6:03:49
31-3882382,302-70-4674,Horizontal radical hub,5:29:10
71-6007902,351-10-0360,Reverse-engineered heuristic service-desk,9:58:11
44-1796867,168-78-9829,Quality-focused intangible access,7:27:31
67-5347537,533-18-7223,Proactive actuating interface,0:28:15
70-9711250,508-82-8746,Down-sized coherent customer loyalty,9:43:23
89-6211777,803-67-0803,Triple-buffered radical hierarchy,3:59:25
05-5636810,553-54-6133,Proactive interactive standardization,6:19:30
30-6051868,227-83-0393,Monitored motivating info-mediaries,11:36:12
66-0517098,642-77-8980,Expanded asynchronous core,23:30:11
45-3578212,297-23-0971,Cross-group multi-tasking frame,8:56:59
06-2443589,256-21-8442,Seamless user-facing collaboration,19:55:35
81-1577737,344-56-5642,Profit-focused systematic middleware,4:00:43
44-9626685,501-20-2242,Mandatory next generation conglomeration,6:04:23
40-1090148,828-75-9465,Integrated grid-enabled Graphic Interface,4:10:13
90-2945310,591-82-9189,Upgradable explicit firmware,16:44:22
08-2997106,525-07-5497,Diverse 24 hour adapter,10:13:15
98-6159489,319-07-2286,Centralized uniform complexity,9:47:51
26-3424355,542-14-2592,Total multi-state installation,7:53:28
82-1663288,664-04-0604,Implemented client-driven standardization,8:47:11
36-5398757,610-63-8127,Visionary bifurcated firmware,4:21:46
15-0701721,416-30-0435,Open-source dedicated array,23:25:18
76-2219917,388-38-2878,Profound static pricing structure,23:05:29
11-0505256,337-90-4619,Optimized web-enabled access,20:23:23
33-1903667,664-46-2628,Persevering cohesive implementation,7:14:26
04-4891728,558-50-0490,Profound contextually-based productivity,17:29:29
29-0209590,130-67-9660,Reactive executive hardware,16:09:14
09-0014713,661-59-9331,Extended background contingency,2:48:42
18-1191754,648-86-3968,Enterprise-wide 3rd generation array,13:43:56
43-8407525,424-46-4510,Integrated heuristic support,10:15:27
95-2218988,338-30-9524,Ergonomic context-sensitive Graphic Interface,17:25:40
57-5536672,174-29-7092,Expanded attitude-oriented migration,1:21:49
05-4726827,680-41-5084,Organic clear-thinking contingency,16:00:24
63-0835850,557-43-9578,Optional next generation architecture,0:06:55
15-2843780,337-44-7928,Multi-tiered asymmetric frame,22:28:28
07-0673771,418-17-0560,Total object-oriented attitude,11:31:42
88-0325236,177-15-6444,Reverse-engineered demand-driven software,1:50:55
09-7667423,397-79-2625,Upgradable web-enabled hierarchy,19:38:41
98-6955210,853-21-3680,Open-architected coherent extranet,12:42:59
69-3204752,637-92-0141,Cloned contextually-based installation,3:38:52
44-8133318,836-05-9335,Programmable bi-directional emulation,8:36:00
05-3024093,843-20-8163,Progressive client-server Graphical User Interface,17:55:02
25-3048843,410-66-5904,Enhanced national interface,22:14:28
36-0285047,433-49-1143,Up-sized leading edge moderator,14:34:08
58-9054672,379-52-9060,Grass-roots global workforce,5:45:52
20-4051037,289-23-4029,Compatible hybrid interface,3:39:31
78-7395012,223-41-0340,Team-oriented exuding definition,5:59:12
02-4731296,706-19-0075,Adaptive mobile paradigm,18:34:31
25-7957024,827-01-9983,Right-sized transitional artificial intelligence,14:39:50
53-8205659,356-66-4913,Down-sized attitude-oriented internet solution,4:02:47
59-4232848,624-03-2632,Synergistic context-sensitive approach,5:41:50
74-0947264,864-73-2593,Persevering tangible ability,23:13:15
61-5881799,896-18-4615,Organized uniform knowledge user,6:17:12
32-2909538,665-30-0072,Multi-lateral well-modulated benchmark,6:55:32
23-9095957,136-30-7521,Fully-configurable reciprocal secured line,1:36:32
84-0237355,434-72-6108,Balanced dynamic frame,7:03:47
27-9183414,690-95-1174,Intuitive next generation extranet,2:52:11
03-5478948,359-28-4989,Multi-channelled tertiary pricing structure,9:24:07
55-9414548,786-65-6840,Phased static synergy,19:33:32
26-0660558,155-66-3311,Synergized modular help-desk,17:33:03
68-5722190,164-88-1921,Team-oriented mobile system engine,1:47:31
25-3806879,312-76-4999,Polarised user-facing function,12:06:23
81-6816677,183-93-5195,Configurable intangible artificial intelligence,19:06:04
35-9481027,502-35-5715,Future-proofed leading edge capability,13:11:13
55-1801641,739-96-4990,Digitized hybrid complexity,20:38:12
75-3895616,636-70-9353,Front-line tertiary Graphical User Interface,19:33:58
93-0230087,369-35-1054,Managed asymmetric installation,2:35:07
53-9646140,554-60-5151,Universal global methodology,1:16:03
73-8940160,116-55-5649,Streamlined value-added database,3:18:20
12-5549057,742-69-4702,Business-focused mission-critical analyzer,15:37:18
66-6634047,553-49-4339,Vision-oriented motivating definition,1:59:51
46-6401251,183-79-5681,Up-sized uniform moderator,17:22:43
87-3193020,892-61-7729,Synergistic hybrid structure,22:43:56
86-1488697,697-07-8279,Profit-focused multi-state encryption,20:13:31
43-7512339,368-43-3208,Fundamental 5th generation initiative,14:13:28
58-8467624,623-40-9965,Innovative incremental artificial intelligence,21:57:51
62-9590406,791-02-0493,Focused 24 hour strategy,2:12:31
43-1288100,414-67-1156,Customer-focused systemic collaboration,2:42:41
80-6866975,215-06-5473,Focused fault-tolerant hierarchy,5:34:06
87-8112113,615-15-2466,Down-sized content-based internet solution,15:02:26
15-2804757,453-24-2298,Diverse human-resource complexity,17:42:33
82-4864258,750-31-4710,Versatile secondary projection,4:49:03
98-5542488,476-95-2361,Profit-focused neutral solution,22:25:36
40-4253520,424-75-2112,Progressive executive focus group,18:28:45
97-5003600,227-07-7181,Universal foreground encryption,10:45:45
92-5172679,104-98-6964,Virtual upward-trending superstructure,20:29:34
98-2934538,491-21-1814,Visionary client-server customer loyalty,0:12:41
69-1607806,698-24-2913,Compatible cohesive internet solution,18:52:04
48-6469435,382-63-6463,Multi-tiered systematic algorithm,2:30:19
05-6815898,335-93-7457,Up-sized 5th generation infrastructure,19:07:59
43-6465698,492-89-8943,Multi-layered demand-driven concept,17:17:58
82-4065436,560-47-2074,Triple-buffered eco-centric parallelism,8:46:17
66-3149174,713-72-0900,Switchable 24 hour open system,11:43:57
39-4219855,196-52-4278,Streamlined systemic software,10:34:35
48-6428363,597-92-3897,De-engineered disintermediate policy,12:35:51
29-4139664,897-87-6231,Organized motivating open architecture,11:37:10
44-1225252,459-23-7361,Configurable web-enabled functionalities,4:28:11
53-1837667,661-95-7840,Synergized tertiary local area network,9:28:29
04-2970869,257-51-4731,Quality-focused methodical core,4:19:04
89-7815910,121-56-3578,Profound solution-oriented complexity,1:18:30
54-6431753,653-05-7978,Ergonomic scalable customer loyalty,8:03:56
73-1315393,460-29-1853,Multi-tiered bi-directional hierarchy,23:19:21
57-5792817,224-96-4948,Ameliorated background support,8:32:24
81-0042272,555-33-1570,Ergonomic user-facing neural-net,16:37:08
49-0313629,705-68-0644,Automated content-based data-warehouse,19:06:41
26-9558062,469-50-0237,Customizable interactive projection,3:57:40
25-3197856,277-97-6168,Customer-focused leading edge contingency,23:50:54
84-0600671,571-19-1290,Reverse-engineered impactful service-desk,15:09:20
31-5933927,316-83-7669,Expanded actuating architecture,1:38:46
05-1521729,395-79-5552,Upgradable static protocol,11:25:32
75-3611332,143-83-0998,Mandatory zero defect middleware,13:45:29
60-0771352,633-48-6020,Customizable human-resource portal,5:44:48
34-3188714,522-37-0667,Balanced optimal complexity,6:44:31
36-9941606,895-44-7551,Intuitive national groupware,20:06:02
34-1138022,879-48-1285,Distributed composite forecast,21:54:17
49-2637647,259-20-3518,Virtual intermediate alliance,23:05:39
98-0844392,615-32-6579,Reduced user-facing task-force,12:24:43
42-4689112,533-36-2287,Progressive executive time-frame,12:56:23
81-8906686,288-38-0441,Upgradable composite open architecture,8:40:34
47-2295321,376-85-6129,Vision-oriented composite utilisation,8:35:47
28-9673069,629-26-0461,Phased web-enabled architecture,23:16:23
86-3610508,484-40-1183,Expanded uniform middleware,22:15:09
52-9577528,876-45-9657,Synergistic multimedia functionalities,22:24:20
95-9283445,439-44-7937,Enterprise-wide motivating concept,0:45:04
10-4601948,573-91-7194,Horizontal bi-directional encryption,2:06:22
37-6688634,891-67-0669,Implemented web-enabled synergy,4:30:16
31-3882382,349-89-1124,Upgradable regional groupware,9:21:50
71-6007902,418-48-4369,Synergized bifurcated moderator,22:02:28
44-1796867,805-83-4802,Advanced composite software,14:40:47
67-5347537,235-99-6095,Innovative optimizing data-warehouse,23:09:35
70-9711250,473-37-6305,Upgradable clear-thinking forecast,0:50:34
89-6211777,173-13-5549,Team-oriented motivating task-force,22:36:13
05-5636810,600-38-2867,Team-oriented user-facing conglomeration,7:57:32
30-6051868,469-88-6496,Grass-roots 5th generation attitude,11:03:31
66-0517098,822-02-2565,Face to face coherent knowledge user,12:04:14
45-3578212,712-45-3663,Enterprise-wide bifurcated middleware,6:39:45
06-2443589,882-17-9948,Mandatory foreground capability,7:29:49
81-1577737,611-36-4492,Progressive upward-trending portal,13:57:12
44-9626685,775-07-4192,User-centric demand-driven protocol,18:09:16
40-1090148,586-91-3335,Grass-roots 6th generation definition,14:54:32
90-2945310,572-64-1004,Fully-configurable actuating functionalities,21:54:06
08-2997106,195-28-8346,Ameliorated background customer loyalty,12:17:12
98-6159489,645-71-6676,Cross-group static software,10:54:29
26-3424355,560-38-4870,Multi-channelled methodical alliance,9:12:19
82-1663288,886-04-8288,Optional content-based moratorium,7:31:59
15-3793713,382-85-3593,Down-sized 4th generation moratorium,3:51:54
63-8965761,701-53-8704,Profit-focused disintermediate frame,17:52:17
45-4826704,899-79-7966,Monitored next generation analyzer,23:02:30
97-6285506,367-70-9392,Up-sized well-modulated application,18:38:21
84-5795582,406-98-3170,Managed fault-tolerant conglomeration,1:25:07
52-3482095,889-40-3410,Future-proofed clear-thinking contingency,2:44:44
75-8244044,810-94-3505,Profound value-added middleware,1:16:39
57-9579090,173-56-2983,Customer-focused user-facing analyzer,16:28:32
45-9490393,847-36-0978,Multi-tiered even-keeled standardization,12:03:24
45-4353483,533-93-5181,Automated content-based installation,1:48:09
73-2663882,693-72-3292,Digitized exuding software,12:18:34
10-6882489,528-68-1681,Sharable homogeneous utilisation,20:35:48
39-6349563,200-93-0476,Customizable optimizing customer loyalty,4:48:48
65-4057051,579-37-6788,Persistent dedicated open system,2:13:04
73-1817897,503-77-9443,Future-proofed transitional data-warehouse,19:26:29
22-0802713,694-11-5923,Profound coherent moratorium,9:04:42
65-2954716,832-54-6718,Sharable hybrid framework,8:07:40
43-6158850,350-90-7459,Virtual 3rd generation help-desk,10:10:29
14-4669117,144-48-0930,De-engineered bottom-line model,2:21:44
58-9691161,294-70-3258,Open-architected holistic neural-net,12:57:49
95-1401392,698-25-3451,Total modular extranet,0:57:37
44-6500041,501-48-8133,Function-based foreground intranet,21:06:42
26-6196597,295-14-5293,Versatile tertiary hardware,4:57:12
78-0992305,767-24-0967,Centralized bottom-line neural-net,7:52:53
42-2454249,142-74-8978,Ameliorated multimedia workforce,16:25:45
78-9612799,351-89-0518,Open-architected neutral groupware,20:47:41
08-9558676,626-32-3432,De-engineered context-sensitive system engine,9:31:25
29-8189714,829-89-4703,Streamlined 3rd generation process improvement,18:07:31
44-9913755,303-86-0538,Re-contextualized bi-directional standardization,12:17:01
15-3793713,386-96-7700,De-engineered multi-tasking definition,16:33:18
63-8965761,107-69-3880,Reverse-engineered background solution,16:57:07
45-4826704,803-37-4193,Ergonomic bandwidth-monitored success,9:42:47
97-6285506,251-81-0732,Reactive modular middleware,13:04:05
84-5795582,497-21-1522,Reduced dedicated protocol,14:54:26
52-3482095,273-09-7404,Triple-buffered optimal neural-net,9:23:12
75-8244044,726-45-2803,Face to face analyzing circuit,18:56:13
57-9579090,862-21-9674,Seamless eco-centric firmware,21:00:02
45-9490393,530-20-5559,Horizontal even-keeled help-desk,20:56:21
45-4353483,895-58-8082,Synergistic encompassing architecture,17:00:21
73-2663882,148-53-7897,Right-sized content-based protocol,4:56:58
10-6882489,147-66-7983,Self-enabling intermediate project,1:19:54
39-6349563,395-08-5551,Future-proofed radical middleware,1:19:27
65-4057051,506-53-2434,Self-enabling zero defect benchmark,8:01:35
73-1817897,864-59-2526,Diverse zero defect hub,21:48:26
22-0802713,791-82-4257,Robust static software,0:01:09
65-2954716,423-87-5526,Extended exuding process improvement,5:49:13
43-6158850,168-35-4371,Managed radical architecture,12:10:19
14-4669117,252-09-3374,Realigned bandwidth-monitored policy,22:53:23
58-9691161,676-43-7787,Assimilated web-enabled projection,5:20:20
95-1401392,798-52-6782,Enterprise-wide well-modulated challenge,10:41:41
44-6500041,701-14-1484,Business-focused optimizing instruction set,20:03:44
26-6196597,848-84-0735,Exclusive multi-tasking info-mediaries,19:46:57
78-0992305,796-55-1668,Fully-configurable zero administration function,12:24:02
42-2454249,246-71-2817,Open-architected even-keeled hub,17:42:06
78-9612799,158-36-2624,Cross-group interactive monitoring,8:58:36
08-9558676,417-41-1042,Cross-group dedicated complexity,11:44:48
29-8189714,665-54-1706,Multi-lateral system-worthy synergy,0:37:48
44-9913755,197-96-8509,Reactive 24/7 open architecture,8:54:24
15-3793713,179-81-3863,Profound neutral workforce,12:25:59
63-8965761,373-94-4343,Automated value-added frame,20:29:16
45-4826704,700-47-1363,Multi-tiered regional synergy,23:13:15
97-6285506,643-64-8162,Up-sized discrete leverage,14:28:34
84-5795582,378-43-7027,Customizable disintermediate concept,15:27:49
52-3482095,740-98-5850,Visionary holistic application,10:05:59
75-8244044,464-41-7942,Re-engineered directional success,1:19:03
57-9579090,289-86-1290,Re-contextualized non-volatile monitoring,23:56:21
45-9490393,409-22-6167,Synchronised systematic migration,0:17:18
45-4353483,112-79-8747,Synergistic eco-centric conglomeration,5:50:13
73-2663882,455-44-5889,Networked static software,16:10:33
10-6882489,272-90-3340,Team-oriented client-server access,15:11:54
39-6349563,440-52-7325,Adaptive responsive help-desk,10:55:06
65-4057051,312-35-9092,Future-proofed maximized database,18:01:26
73-1817897,301-03-2908,Extended solution-oriented interface,7:24:24
22-0802713,541-46-4315,Total clear-thinking contingency,2:00:07
65-2954716,620-07-8118,Inverse heuristic conglomeration,13:31:34
43-6158850,158-49-3294,Re-engineered 6th generation policy,9:39:58
14-4669117,845-99-8531,Front-line 5th generation neural-net,19:22:25
58-9691161,487-31-0357,Team-oriented system-worthy orchestration,15:50:03
95-1401392,808-89-7553,Customer-focused client-driven policy,5:50:43
44-6500041,165-29-8836,Business-focused discrete workforce,17:56:39
26-6196597,276-77-8301,Grass-roots intangible pricing structure,16:17:46
78-0992305,341-28-3808,Multi-tiered responsive hierarchy,23:56:18
42-2454249,888-48-4109,Self-enabling client-server firmware,16:20:38
78-9612799,430-71-0073,Exclusive value-added adapter,14:26:06
08-9558676,212-61-8804,Secured static hierarchy,11:02:33
29-8189714,567-05-2718,Business-focused user-facing challenge,23:03:28
44-9913755,694-89-3942,Focused scalable groupware,6:54:55
15-3793713,289-72-0837,Fully-configurable user-facing circuit,7:26:55
63-8965761,557-63-5456,Cross-platform maximized Graphical User Interface,22:10:45
45-4826704,808-70-3873,Diverse high-level capacity,7:03:43
97-6285506,521-56-6414,Mandatory human-resource product,11:16:48
84-5795582,743-27-2384,Upgradable demand-driven project,16:50:39
52-3482095,438-92-3097,Cloned real-time local area network,4:29:59
75-8244044,584-77-8174,Inverse even-keeled website,10:05:08
57-9579090,232-99-7319,Implemented secondary flexibility,18:50:44
45-9490393,882-70-2422,Quality-focused mobile framework,6:37:33
45-4353483,163-23-0591,Optional actuating parallelism,15:18:51
73-2663882,268-45-7310,Front-line client-server capacity,7:30:35
10-6882489,310-95-7122,Exclusive next generation process improvement,16:52:07
39-6349563,508-23-0461,Automated value-added data-warehouse,3:44:44
65-4057051,673-36-0135,Business-focused discrete migration,7:46:32
73-1817897,714-30-2188,Focused even-keeled throughput,8:27:51
22-0802713,771-12-6299,Down-sized heuristic matrix,21:09:12
65-2954716,777-06-6664,Visionary zero tolerance knowledge base,2:27:47
43-6158850,168-89-7719,Quality-focused tertiary intranet,21:34:08
14-4669117,328-60-6536,De-engineered regional model,18:26:17
58-9691161,279-59-5712,Multi-lateral eco-centric website,12:53:39
95-1401392,483-02-7161,Ergonomic tertiary challenge,0:34:26
44-6500041,702-14-8645,Face to face 6th generation attitude,23:14:22
26-6196597,217-16-4783,Future-proofed regional budgetary management,22:36:26
78-0992305,210-64-4890,Configurable multi-tasking model,23:31:27
42-2454249,828-39-8684,Synergistic upward-trending function,14:22:13
78-9612799,459-38-5517,Cross-platform modular analyzer,8:49:51
08-9558676,751-27-2135,Up-sized reciprocal open architecture,4:54:17
29-8189714,448-87-3050,Multi-layered well-modulated extranet,15:32:34
44-9913755,767-45-2783,Synergistic encompassing protocol,9:49:13
50-7810021,452-99-2904,Ergonomic incremental database,9:20:19
33-0190333,612-04-5388,Adaptive value-added circuit,10:47:49
52-8613151,509-52-9627,Virtual uniform internet solution,16:08:16
26-7454441,691-32-0808,Cross-platform coherent website,16:11:55
39-2729833,560-88-4685,Focused regional framework,0:59:07
43-9432683,606-10-8910,Grass-roots value-added utilisation,18:54:07
92-4265838,239-67-9523,Stand-alone maximized workforce,17:51:58
00-7864176,395-72-5992,Mandatory reciprocal infrastructure,18:07:42
84-2965096,819-08-3926,Polarised demand-driven circuit,22:11:52
10-4895997,124-90-9892,Distributed systemic info-mediaries,3:19:52
46-5286065,405-76-0439,Devolved reciprocal installation,3:50:40
46-2920113,781-12-3502,Profound bi-directional software,7:36:15
90-4192618,424-38-3808,De-engineered stable frame,6:31:22
46-8458617,847-63-4480,Mandatory optimizing architecture,15:21:28
44-7864809,513-25-6047,Total radical service-desk,10:27:15
27-7320283,519-03-0391,Mandatory regional help-desk,20:44:49
81-7472762,268-76-3335,Configurable foreground workforce,18:09:47
97-8469567,560-61-8252,De-engineered regional benchmark,16:30:59
47-3950341,716-42-9676,Organized eco-centric flexibility,10:45:07
69-3617837,151-68-5797,Proactive non-volatile help-desk,16:51:52
18-0448335,262-24-5066,Seamless optimal open architecture,1:10:08
29-1586654,668-32-7285,Open-architected attitude-oriented knowledge user,21:11:20
43-9832787,619-88-5400,Extended leading edge concept,21:48:54
65-0651324,518-90-6744,Seamless attitude-oriented analyzer,1:27:12
18-3249963,637-05-3193,Face to face optimal service-desk,7:42:24
00-5042351,708-32-1243,Focused 24 hour alliance,7:09:05
41-2827913,215-20-7297,Progressive intangible paradigm,0:40:25
15-9454605,544-37-9609,Down-sized homogeneous encoding,8:00:35
84-4334348,198-61-0281,Virtual user-facing budgetary management,17:07:25
96-8224741,484-38-6063,Vision-oriented composite array,17:21:40
72-3297341,382-52-8034,Customer-focused bifurcated capacity,3:51:51
43-9132894,679-40-1674,Compatible clear-thinking analyzer,23:48:56
06-9013998,588-54-1047,Object-based bifurcated parallelism,6:09:12
54-4701306,881-93-5585,Streamlined even-keeled software,9:15:12
27-6821443,627-25-8915,Quality-focused content-based interface,7:56:17
25-9357064,452-75-9245,Focused 4th generation open system,10:00:55
87-0014824,333-89-2690,Face to face human-resource structure,12:09:58
54-0974287,355-77-0832,Fully-configurable multi-state productivity,15:17:40
33-9063517,453-04-1191,Secured upward-trending leverage,4:03:14
62-9143294,679-69-8392,Horizontal clear-thinking intranet,4:40:44
11-4631290,479-93-7554,Cloned static conglomeration,19:37:29
85-3833383,567-13-7562,Team-oriented empowering utilisation,5:33:30
10-7266370,218-19-3128,Operative bifurcated instruction set,2:54:18
55-2332616,276-20-3869,Pre-emptive fresh-thinking system engine,3:37:37
50-6134596,847-69-7217,Compatible maximized policy,8:46:19
45-4581821,686-08-4621,Centralized interactive monitoring,14:06:23
55-1314385,248-85-6666,Visionary content-based success,16:38:31
65-8553433,753-74-1077,Vision-oriented full-range system engine,14:02:21
11-2405800,421-76-8424,Stand-alone 24 hour functionalities,10:02:36
38-8452416,674-50-9072,Proactive executive benchmark,3:35:22
36-4562255,655-55-8397,Robust executive migration,7:49:08
53-1781744,298-85-3918,Fundamental tangible methodology,23:50:07
17-9630740,479-88-6230,Persevering dynamic approach,13:03:59
13-5804861,846-79-2683,Reactive fault-tolerant Graphical User Interface,0:43:27
35-4639890,676-87-1285,Reverse-engineered next generation project,11:36:29
21-3860829,722-04-3906,Synchronised static archive,19:43:30
67-8006879,182-47-5758,Fully-configurable contextually-based attitude,13:13:39
13-1553344,123-99-1665,Centralized motivating hub,4:46:31
36-6808823,827-69-1031,Synchronised motivating infrastructure,3:55:29
91-8385651,810-94-6300,Digitized foreground pricing structure,14:28:58
83-6053317,454-24-0750,Seamless tangible service-desk,8:13:29
31-0876966,252-20-8254,Cloned client-driven instruction set,6:49:06
66-5455435,502-04-3675,Synergistic systemic policy,12:00:01
25-8842643,246-91-5680,Distributed maximized moratorium,8:20:55
49-8157606,308-79-6425,Down-sized eco-centric approach,15:23:27
09-7359564,866-66-5685,Implemented contextually-based analyzer,15:03:17
05-0268628,226-74-4893,Integrated bifurcated hardware,11:18:28
81-0111498,688-28-6718,Optimized asynchronous success,21:05:32
62-7600573,843-64-9208,Cross-platform web-enabled approach,2:25:10
99-2249641,749-73-9265,Robust solution-oriented utilisation,23:36:24
81-2745057,748-35-5582,Profit-focused tangible customer loyalty,13:04:50
68-3143358,628-65-8089,Ameliorated dynamic portal,7:11:03
52-0417737,302-67-2984,Balanced bottom-line projection,8:34:12
54-4658131,613-11-4872,Pre-emptive cohesive definition,12:10:59
99-4348738,215-78-9887,Configurable optimizing circuit,8:58:12
33-8966785,800-59-2379,Organized homogeneous orchestration,17:47:04
06-4032794,774-59-1263,Adaptive upward-trending extranet,15:42:53
58-9707939,350-86-9456,Reduced maximized portal,18:02:52
88-1182066,445-83-4717,Reverse-engineered static paradigm,14:03:00
58-4641023,558-52-4532,Pre-emptive secondary customer loyalty,6:16:23
66-8585966,451-32-0347,Balanced even-keeled data-warehouse,1:20:43
80-0855860,181-83-2908,Focused secondary knowledge user,0:08:45
54-4475188,510-28-6862,Cross-platform contextually-based conglomeration,9:18:23
64-6990213,258-76-0042,Re-engineered didactic internet solution,5:22:14
50-6153820,399-94-2389,Switchable bifurcated architecture,2:46:56
92-1847817,834-65-4462,Centralized bi-directional core,0:58:02
81-5463131,484-14-8188,Open-architected bottom-line leverage,16:36:23
32-5273342,845-93-7876,Visionary local service-desk,4:27:36
94-8878492,603-30-1058,Multi-channelled scalable structure,14:32:31
60-5429786,486-94-2555,Phased contextually-based frame,16:42:06
65-8660181,857-62-6548,Self-enabling full-range frame,17:25:00
08-5663418,470-64-1868,Intuitive value-added frame,19:45:49
38-2684719,889-97-9526,Future-proofed background open system,16:03:52
24-5074940,794-23-7890,Compatible context-sensitive moderator,19:42:41
98-9615479,823-96-1144,Upgradable bandwidth-monitored extranet,3:42:17
84-4847603,866-19-0460,Distributed intermediate circuit,23:49:46
31-8594021,261-94-1533,Centralized dedicated capability,6:49:28
01-6919601,492-12-1693,Open-source uniform capability,13:59:57
47-5813020,461-92-8877,Centralized executive framework,3:43:47
81-9477671,213-04-1901,Function-based system-worthy hardware,13:43:07
26-4560699,809-80-0002,Persevering zero tolerance pricing structure,14:04:36
19-2321791,860-99-9336,Right-sized non-volatile contingency,12:21:00
31-2228507,440-74-6505,Streamlined 5th generation architecture,4:55:37
76-2599816,347-25-6976,Devolved heuristic monitoring,18:41:09
09-5745936,127-70-3719,Face to face directional strategy,21:34:07
74-1172485,387-15-4085,Diverse clear-thinking strategy,20:28:18
59-9438455,350-14-9444,Customizable maximized support,4:57:43
65-2761173,533-09-8606,Persistent explicit access,19:08:07
03-8706412,162-80-6270,Exclusive user-facing parallelism,16:49:30
74-2618854,792-81-0348,Centralized uniform parallelism,16:45:03
04-5421840,652-74-3466,Adaptive next generation matrix,9:09:26
51-6360204,166-14-1139,Down-sized maximized local area network,5:30:59
17-8450501,809-07-8930,Persevering maximized alliance,5:59:51
19-6779514,440-26-0269,Re-contextualized high-level knowledge user,19:35:54
67-2971596,613-76-4404,Grass-roots even-keeled local area network,13:01:16
76-1893147,859-35-0548,Persistent hybrid infrastructure,3:16:48
14-4404983,338-58-8044,Distributed non-volatile system engine,21:59:07
17-5845131,664-01-4242,Programmable explicit extranet,9:02:23
10-6668970,560-07-2922,Intuitive empowering secured line,9:25:45
14-6785109,840-87-7755,Distributed homogeneous circuit,20:46:41
63-1117519,203-96-0130,Open-architected homogeneous conglomeration,9:47:14
58-0814468,391-78-4245,Proactive actuating paradigm,4:15:26
38-1278410,784-77-7940,Pre-emptive demand-driven standardization,20:27:08
86-6619790,679-75-9780,Robust scalable knowledge base,15:37:41
62-1775074,286-28-2859,Cloned bottom-line analyzer,15:06:01
00-0619643,860-42-9474,Synergized national matrix,16:39:09
13-8118972,852-56-9337,Vision-oriented solution-oriented service-desk,16:25:46
36-6197527,742-40-1260,Profit-focused 4th generation matrices,19:32:23
23-9568627,685-94-8496,Secured responsive data-warehouse,21:15:40
82-7571963,494-08-1486,Devolved explicit definition,9:29:02
31-5454379,355-65-8408,Multi-layered multi-state toolset,9:29:15
09-6267750,573-47-9070,Ergonomic asynchronous software,16:34:04
38-7105815,818-70-7383,Visionary 24/7 access,15:51:10
17-5402236,209-07-3156,Vision-oriented secondary toolset,7:38:19
19-2291708,741-20-3427,Expanded intermediate Graphic Interface,18:11:37
16-4267634,294-81-4655,Reactive interactive middleware,23:03:00
86-9343030,783-81-3392,Secured discrete groupware,20:27:22
01-3740972,400-84-2714,Public-key national internet solution,0:11:52
81-5529762,798-80-9793,Digitized static open architecture,14:17:27
79-4845380,787-61-2469,Self-enabling 24/7 artificial intelligence,22:36:46
75-0683250,241-68-8284,Customizable logistical framework,23:53:31
92-0558673,420-72-7414,Innovative directional capability,17:33:39
85-4236882,849-63-2746,Secured heuristic capacity,19:39:54
89-3261372,805-89-8543,Polarised dedicated matrices,15:02:30
62-2376333,590-54-8174,Synchronised multimedia capacity,9:33:49
55-6345529,887-05-0375,Re-contextualized background encryption,15:38:34
45-5679741,317-15-6127,Cloned bi-directional core,23:16:54
78-0146571,246-17-7386,Total attitude-oriented analyzer,6:41:43
22-3208428,617-83-9893,Object-based content-based structure,21:52:51
22-4148772,229-01-0312,Decentralized methodical time-frame,9:57:29
70-0286544,197-70-8835,Profound 4th generation strategy,8:01:47
82-3578238,874-86-9819,Enterprise-wide radical framework,20:06:26
43-5458432,774-60-7448,Object-based grid-enabled toolset,16:07:08
53-6257845,168-19-7165,Cross-platform human-resource help-desk,15:22:42
73-8970480,644-64-9389,Synergistic leading edge function,6:34:58
37-7213427,672-20-5178,Self-enabling context-sensitive capacity,8:00:57
21-4156484,783-64-3888,Progressive mission-critical conglomeration,9:01:05
19-1721189,605-60-3397,Public-key composite model,18:29:23
62-8109919,347-42-0751,De-engineered modular policy,7:35:49
75-8238303,485-25-7004,Function-based upward-trending Graphical User Interface,13:00:25
90-6032744,665-84-1698,Down-sized multimedia pricing structure,23:41:44
21-6250989,505-83-5394,Face to face maximized task-force,15:08:07
62-6222406,310-30-6929,Customer-focused intermediate Graphical User Interface,8:28:35
95-8853518,755-15-7199,Digitized bandwidth-monitored function,12:10:41
53-7455077,166-12-3458,Future-proofed uniform capacity,17:46:38
85-8850461,154-52-2376,Synchronised regional array,22:17:27
09-8191407,472-07-5057,Pre-emptive human-resource core,6:13:46
71-0955123,724-58-6152,Integrated modular matrix,21:23:32
46-2783625,492-58-6150,Distributed discrete matrices,0:02:12
25-7403039,513-16-8187,Quality-focused bottom-line capability,7:07:05
91-0594682,440-83-8317,Configurable maximized data-warehouse,1:38:40
04-7698152,566-93-7446,Managed multimedia artificial intelligence,12:53:14
28-3642004,245-26-0558,Front-line leading edge local area network,13:27:02
38-0129412,647-33-5482,Synchronised holistic strategy,21:18:18
78-5062772,169-14-8511,Reactive empowering alliance,1:17:06
28-3626748,381-15-9269,Visionary encompassing software,2:25:02
86-7838538,626-96-8142,Ergonomic responsive open architecture,4:23:26
44-8621070,706-72-6573,Progressive real-time protocol,14:46:43
95-6653309,509-54-4839,Virtual solution-oriented workforce,21:59:14
36-8162081,221-61-4637,Realigned real-time collaboration,0:27:45
27-5720227,644-34-2741,Optimized optimizing matrices,22:10:04
16-9632564,872-45-0749,Virtual 24/7 project,8:14:04
96-0914237,591-51-5396,Integrated 4th generation orchestration,3:22:19
34-8034929,753-43-3254,Configurable contextually-based internet solution,8:50:04
99-0009850,315-25-2501,Networked bottom-line moratorium,21:37:10
92-6313122,438-67-7012,Up-sized asymmetric product,16:32:35
86-9343030,360-32-3932,Universal next generation success,10:30:24
01-3740972,817-36-9071,Horizontal web-enabled service-desk,18:02:39
81-5529762,712-69-1380,Organized zero tolerance neural-net,9:13:41
79-4845380,787-44-8280,Total secondary productivity,22:19:36
75-0683250,377-57-0913,Persistent hybrid architecture,19:26:02
92-0558673,572-92-5589,Customizable systemic attitude,1:34:52
85-4236882,866-67-9070,Secured optimal application,6:38:53
89-3261372,870-97-6309,Self-enabling coherent flexibility,7:30:26
62-2376333,149-98-6528,Grass-roots content-based website,4:34:44
55-6345529,684-71-3249,Phased maximized instruction set,15:08:51
45-5679741,438-82-4077,Cloned non-volatile protocol,9:16:27
78-0146571,158-89-0669,Reactive transitional success,2:34:11
22-3208428,169-22-2788,Horizontal impactful Graphical User Interface,12:38:37
22-4148772,351-15-1827,Triple-buffered background hub,12:55:27
70-0286544,167-54-5062,User-friendly 4th generation methodology,13:55:15
82-3578238,386-30-0719,Multi-tiered heuristic migration,0:15:16
43-5458432,309-11-7362,Configurable eco-centric matrices,14:21:33
53-6257845,387-91-8987,Cloned mobile installation,21:52:40
73-8970480,631-63-0944,Horizontal incremental solution,2:34:13
37-7213427,529-52-2427,Secured impactful success,7:32:20
21-4156484,559-47-9121,Versatile high-level capacity,23:31:54
19-1721189,257-23-8495,Decentralized 6th generation time-frame,22:13:03
62-8109919,752-62-7248,Upgradable tangible paradigm,0:50:30
75-8238303,591-50-1979,Synergistic 24/7 synergy,20:15:39
90-6032744,134-62-4166,Front-line bi-directional process improvement,11:32:19
21-6250989,615-89-0878,Multi-layered static strategy,6:35:09
62-6222406,553-36-9051,Persistent uniform collaboration,2:12:30
95-8853518,443-53-3912,Function-based encompassing system engine,21:57:49
53-7455077,155-60-7724,Digitized uniform task-force,13:54:56
85-8850461,739-25-6240,Fundamental bandwidth-monitored frame,15:32:42
09-8191407,286-58-6411,Mandatory modular secured line,16:50:04
71-0955123,884-96-6890,Assimilated upward-trending focus group,11:10:36
46-2783625,777-27-3033,Intuitive optimal archive,20:24:49
25-7403039,897-80-8205,Re-contextualized system-worthy initiative,7:18:07
91-0594682,600-63-9943,Diverse optimal throughput,15:31:06
04-7698152,446-60-6565,Switchable analyzing algorithm,0:17:00
28-3642004,506-26-3727,Extended 4th generation capability,7:58:21
38-0129412,799-54-7506,Balanced 3rd generation support,9:31:34
78-5062772,669-17-6229,Focused uniform access,20:07:43
28-3626748,827-01-1755,Compatible zero tolerance process improvement,21:27:55
86-7838538,466-74-0918,Front-line user-facing capability,16:47:27
44-8621070,682-58-5279,Synchronised even-keeled migration,18:54:41
95-6653309,789-95-2984,Cross-group web-enabled superstructure,9:23:10
36-8162081,539-03-9221,Reduced transitional help-desk,6:49:45
27-5720227,491-02-4592,Synchronised human-resource process improvement,2:37:25
16-9632564,852-89-4388,Fundamental secondary local area network,23:39:12
96-0914237,803-63-1984,Programmable static strategy,21:32:57
34-8034929,469-88-1315,Exclusive responsive collaboration,7:07:33
99-0009850,865-07-9284,Distributed encompassing toolset,13:08:28
92-6313122,762-30-6187,Reverse-engineered solution-oriented project,3:00:59
27-5654692,573-47-8606,Integrated dynamic algorithm,9:30:36
91-0589475,341-07-3605,Reduced explicit methodology,8:15:37
72-7765820,382-70-3417,Cross-group asymmetric website,17:35:17
64-2596399,175-46-2258,Enterprise-wide cohesive hierarchy,5:59:14
73-6578659,867-02-9412,Down-sized homogeneous throughput,21:55:09
83-3508688,812-75-1855,Universal secondary hierarchy,6:57:27
06-2641255,257-06-2455,Realigned dynamic infrastructure,11:06:35
55-8385772,399-05-2907,Front-line actuating contingency,18:52:39
14-5020962,584-33-6047,De-engineered grid-enabled moderator,10:18:33
74-7627880,753-49-7798,Face to face tangible collaboration,13:00:43
23-7601997,738-26-8364,Open-source empowering knowledge user,18:14:09
34-0129788,321-15-3688,Ergonomic attitude-oriented open system,17:28:47
26-4121592,260-09-0482,Organic 4th generation secured line,20:08:03
05-7437046,738-30-7210,Focused exuding knowledge user,14:44:42
73-2230739,221-41-3763,Inverse 4th generation attitude,0:39:25
59-1250393,238-59-8957,Universal responsive attitude,16:08:57
51-4054099,761-84-2126,Face to face bifurcated encryption,23:22:11
84-1809552,493-29-7864,Programmable dedicated forecast,16:50:38
94-6927721,509-10-3606,Ameliorated scalable local area network,20:16:19
73-0484931,846-98-3483,Open-architected high-level service-desk,0:22:16
12-9391351,439-98-8707,User-centric mobile artificial intelligence,20:07:59
38-3286211,437-87-5227,Down-sized content-based Graphical User Interface,1:39:45
16-3726028,285-61-1564,Enhanced methodical parallelism,19:21:14
01-4440793,156-33-9954,Switchable bifurcated info-mediaries,19:20:14
87-2943743,507-61-6675,Organic static monitoring,14:42:12
34-2694893,452-26-9249,Reverse-engineered coherent methodology,4:29:58
83-8999992,415-96-7606,User-friendly 4th generation matrices,11:50:44
45-7099151,709-70-2143,Persevering encompassing knowledge user,8:45:25
52-1342967,485-27-2300,Operative reciprocal interface,6:56:43
23-7750720,370-35-5988,User-friendly client-server software,20:32:22
44-5584103,620-19-9949,Function-based client-server budgetary management,20:09:15
26-8964830,675-02-6445,Quality-focused mission-critical concept,17:26:18
80-1007375,301-11-3138,Ergonomic 5th generation forecast,2:37:58
08-2095104,532-59-0887,Multi-tiered needs-based portal,9:26:14
65-4102372,719-02-2853,Adaptive hybrid attitude,23:12:34
54-3648942,847-25-5159,Enhanced heuristic initiative,18:38:26
05-0267121,844-72-7302,Pre-emptive 24/7 frame,15:18:31
38-0803473,816-56-5966,User-friendly full-range analyzer,5:24:22
40-4236687,430-96-8276,Versatile heuristic support,14:43:13
66-0278128,761-94-2306,User-centric motivating intranet,12:20:29
60-4395335,172-60-9588,Vision-oriented intermediate website,9:30:20
02-3049267,252-53-1270,Centralized client-driven forecast,6:56:08
23-9339623,789-15-6459,Networked coherent benchmark,4:26:04
66-5722467,773-82-2174,Open-architected incremental functionalities,19:01:44
24-0209737,501-32-4873,Customizable demand-driven support,2:45:10
11-6712143,320-41-8052,Configurable even-keeled product,22:16:05
83-4738271,473-85-7676,Profit-focused web-enabled Graphical User Interface,14:28:48
06-9039066,426-21-3299,Synchronised interactive hub,14:40:14
82-7944663,854-86-7636,Progressive local intranet,19:18:33
46-8458617,597-63-9034,Multi-lateral next generation adapter,5:11:47
44-7864809,865-22-6402,Integrated executive archive,12:47:58
27-7320283,355-25-8519,Automated national success,11:27:28
81-7472762,235-47-4976,Persistent uniform moratorium,21:29:32
97-8469567,780-60-1480,Inverse coherent Graphic Interface,16:16:18
47-3950341,715-24-3772,Face to face web-enabled collaboration,8:50:08
69-3617837,104-83-9434,User-friendly multi-tasking throughput,12:43:01
18-0448335,857-34-3493,Synergized bandwidth-monitored structure,14:59:41
29-1586654,553-96-6608,Managed executive complexity,11:27:01
43-9832787,534-90-5088,Adaptive modular policy,3:08:34
65-0651324,603-77-7275,Persistent 24/7 superstructure,13:12:25
18-3249963,438-16-5006,Proactive interactive utilisation,11:55:10
00-5042351,120-15-5875,Robust tertiary time-frame,8:12:48
41-2827913,254-52-7846,Multi-layered fault-tolerant instruction set,21:35:28
15-9454605,108-36-1501,Optimized mobile monitoring,13:28:29
84-4334348,788-07-2503,Programmable 24/7 emulation,22:17:57
96-8224741,520-94-6621,Enterprise-wide transitional info-mediaries,1:19:23
72-3297341,798-93-3794,Open-architected transitional orchestration,9:06:15
43-9132894,868-65-3527,Streamlined multi-tasking frame,17:29:54
06-9013998,235-80-5748,Up-sized multi-tasking hierarchy,21:14:22
54-4701306,325-84-2912,Business-focused zero tolerance application,7:18:10
27-6821443,507-36-7148,Horizontal explicit knowledge base,17:58:22
25-9357064,518-05-6816,Enterprise-wide upward-trending structure,7:27:34
87-0014824,408-11-4416,Realigned dynamic software,12:51:59
54-0974287,529-44-9470,Synergistic optimal utilisation,21:59:44
33-9063517,611-66-9957,Stand-alone contextually-based function,19:27:14
62-9143294,455-71-6839,Compatible zero tolerance circuit,0:24:25
11-4631290,148-78-2767,Profound tertiary pricing structure,1:15:56
85-3833383,888-47-5769,Devolved discrete emulation,3:20:11
10-7266370,501-76-3595,Function-based systematic project,5:49:37
55-2332616,580-58-5806,Grass-roots asymmetric matrices,16:57:45
50-6134596,436-10-0523,Devolved context-sensitive algorithm,12:46:18
45-4581821,810-76-6098,Synchronised disintermediate protocol,14:17:36
55-1314385,888-38-6749,Pre-emptive radical conglomeration,0:11:40
65-8553433,473-91-3634,Function-based tangible benchmark,20:15:34
11-2405800,380-48-3857,Sharable grid-enabled service-desk,12:04:56
38-8452416,894-05-3163,Progressive responsive moratorium,15:46:46
36-4562255,736-18-7795,Visionary background matrices,1:52:23
53-1781744,646-36-0430,Compatible logistical emulation,5:43:22
17-9630740,227-07-1278,Centralized client-server paradigm,5:27:04
13-5804861,115-04-6533,Switchable scalable groupware,2:23:43
35-4639890,101-01-6002,Customer-focused 4th generation product,13:12:30
21-3860829,899-68-9789,Diverse modular matrix,19:48:45
67-8006879,719-19-6697,Exclusive empowering synergy,5:22:34
13-1553344,727-92-8197,Implemented context-sensitive access,15:48:10
36-6808823,760-89-2862,Progressive holistic productivity,15:32:13
91-8385651,569-32-9113,Open-source neutral approach,3:35:38
83-6053317,429-80-4827,Enterprise-wide maximized hub,9:14:31
31-0876966,412-09-9514,Synergized zero defect initiative,16:08:20
66-5455435,891-03-7082,Sharable responsive process improvement,15:31:14
25-8842643,760-24-7857,Customer-focused real-time paradigm,15:35:17
49-8157606,700-74-0408,Phased incremental firmware,0:48:12
09-7359564,718-75-4629,Managed 24/7 hardware,16:51:01
05-0268628,774-42-9502,Extended incremental success,1:29:22
81-0111498,422-60-4299,Customer-focused needs-based open system,22:04:54
62-7600573,865-75-5046,Realigned foreground ability,23:51:53
99-2249641,791-06-2561,Advanced bi-directional interface,6:34:57
81-2745057,197-91-0880,Face to face zero administration moderator,18:14:31
68-3143358,676-20-1992,Synchronised user-facing productivity,7:31:22
52-0417737,490-51-4885,Pre-emptive reciprocal core,9:00:16
54-4658131,530-52-4455,Ergonomic interactive model,6:03:09
99-4348738,545-66-8696,Centralized secondary open system,20:36:11
33-8966785,471-49-0512,Multi-tiered interactive emulation,22:00:18
06-4032794,652-30-1066,Proactive uniform pricing structure,11:28:44
58-9707939,665-38-0801,Profound eco-centric orchestration,14:15:30
88-1182066,694-37-2628,Advanced client-server knowledge user,20:05:56
58-4641023,455-31-2572,Cross-platform tertiary internet solution,0:52:33
66-8585966,250-76-9747,Pre-emptive stable forecast,10:35:29
80-0855860,745-19-5311,Distributed discrete policy,21:26:51
54-4475188,769-39-9113,Automated eco-centric flexibility,3:44:00
64-6990213,147-63-1421,Assimilated executive methodology,6:56:25
50-6153820,247-46-5448,Extended eco-centric customer loyalty,12:25:18
92-1847817,838-46-2915,Multi-channelled encompassing emulation,23:31:57
81-5463131,212-31-1235,Intuitive maximized application,1:30:02
32-5273342,357-46-6341,Customer-focused responsive contingency,1:07:54
94-8878492,842-85-4567,Organic intermediate matrix,17:38:52
60-5429786,409-36-3645,Centralized client-driven portal,2:04:12
65-8660181,484-07-0540,Re-engineered multi-state definition,8:18:40
08-5663418,642-09-7662,Exclusive tertiary neural-net,8:19:10
38-2684719,644-32-8995,Profound discrete capability,6:51:23
24-5074940,396-81-7707,Open-architected fresh-thinking archive,5:52:18
98-9615479,361-79-9567,Devolved impactful help-desk,13:46:19
84-4847603,369-63-6118,Automated maximized implementation,20:52:53
31-8594021,725-24-6542,Secured heuristic functionalities,5:43:31
01-6919601,138-10-8519,Optional client-server policy,14:53:25
47-5813020,676-52-5630,Vision-oriented mobile infrastructure,19:36:10
81-9477671,849-30-9290,Innovative upward-trending algorithm,18:17:30
26-4560699,482-87-1602,Team-oriented clear-thinking algorithm,16:03:09
19-2321791,154-96-5532,Profound client-server archive,14:51:32
31-2228507,743-29-9226,Down-sized leading edge application,14:40:44
76-2599816,622-49-9376,Business-focused secondary success,21:35:22
09-5745936,327-04-1907,Persistent local intranet,21:25:22
74-1172485,132-07-6138,Re-contextualized object-oriented help-desk,17:24:45
59-9438455,825-58-3615,Persistent stable adapter,23:03:29
65-2761173,324-31-5677,Versatile grid-enabled model,11:24:41
03-8706412,450-40-9443,Progressive optimal superstructure,18:21:56
74-2618854,336-35-8899,Open-source web-enabled leverage,18:57:41
04-5421840,264-36-2259,Object-based zero defect Graphical User Interface,17:01:51
51-6360204,545-99-1864,Synergized didactic emulation,17:22:03
17-8450501,134-17-3346,Fundamental attitude-oriented neural-net,21:59:37
19-6779514,379-18-9037,Face to face transitional infrastructure,19:14:49
67-2971596,881-79-6925,Robust leading edge data-warehouse,23:32:10
76-1893147,612-73-3480,Assimilated dedicated archive,4:35:16
14-4404983,322-20-7998,Persistent tangible frame,6:21:49
17-5845131,238-58-6139,Re-contextualized didactic open architecture,19:08:31
10-6668970,641-08-3319,Fully-configurable tangible implementation,7:06:16
14-6785109,428-07-8902,Face to face coherent array,23:05:04
63-1117519,415-01-0779,Cross-group intermediate initiative,0:08:00
58-0814468,659-49-5997,Streamlined fault-tolerant adapter,10:37:14
38-1278410,835-72-1508,Function-based asynchronous utilisation,21:59:44
86-6619790,709-47-1418,Implemented reciprocal time-frame,11:09:03
62-1775074,609-66-1180,Persistent multimedia monitoring,11:26:59
00-0619643,428-26-8483,Re-engineered maximized Graphic Interface,23:26:10
03-8706412,749-55-1756,Cross-group modular functionalities,9:42:28
74-2618854,725-30-1887,Focused system-worthy model,21:24:32
04-5421840,803-19-6076,Visionary motivating forecast,12:48:00
51-6360204,720-61-6906,Realigned empowering productivity,17:56:08
17-8450501,885-62-5099,Organic context-sensitive superstructure,11:22:35
19-6779514,325-77-0569,Decentralized stable frame,23:56:12
67-2971596,392-25-5282,Versatile actuating focus group,5:46:37
76-1893147,511-21-7214,Customer-focused leading edge frame,16:12:06
14-4404983,182-58-6826,Focused high-level customer loyalty,6:59:04
17-5845131,693-57-4182,Business-focused multi-tasking product,13:44:41
10-6668970,880-13-3306,Grass-roots executive moratorium,23:13:58
14-6785109,302-65-0847,Polarised radical migration,5:45:15
63-1117519,697-21-6221,User-friendly maximized paradigm,22:18:14
58-0814468,429-15-3369,Progressive homogeneous complexity,4:46:11
38-1278410,630-11-5793,Stand-alone intermediate attitude,22:00:17
86-6619790,848-35-7919,Managed optimizing forecast,1:54:42
62-1775074,213-51-7894,Public-key interactive success,12:33:12
00-0619643,803-43-7998,Multi-lateral hybrid monitoring,19:14:11
13-8118972,494-46-0710,Right-sized static extranet,21:39:53
36-6197527,102-99-2790,Multi-tiered systemic parallelism,19:39:32
23-9568627,150-57-3237,Self-enabling global throughput,20:42:22
82-7571963,392-80-0375,Extended actuating product,15:01:48
31-5454379,229-45-8908,Intuitive impactful capability,18:56:59
09-6267750,619-11-8460,Distributed systematic neural-net,7:52:24
38-7105815,451-76-5643,Versatile zero tolerance moratorium,5:05:49
17-5402236,798-64-7060,Fundamental asynchronous analyzer,20:57:18
19-2291708,539-25-6420,Mandatory actuating flexibility,22:56:17
16-4267634,573-85-2196,Integrated bifurcated solution,9:39:05
86-9343030,755-48-6050,Team-oriented user-facing data-warehouse,7:53:24
01-3740972,484-01-6359,Assimilated didactic benchmark,15:05:51
81-5529762,794-59-9476,Virtual multi-tasking support,11:34:55
79-4845380,388-46-8060,Digitized methodical hierarchy,2:14:39
75-0683250,130-30-4625,Intuitive asymmetric complexity,6:54:30
92-0558673,438-46-6398,Focused grid-enabled data-warehouse,1:12:09
85-4236882,273-92-4139,Public-key zero tolerance initiative,15:07:21
89-3261372,721-16-1229,Profound client-driven workforce,3:15:57
62-2376333,166-05-2077,Right-sized disintermediate core,8:40:38
55-6345529,536-25-6017,Customizable cohesive circuit,18:18:10
45-5679741,186-16-8857,Robust system-worthy migration,13:09:10
78-0146571,157-89-6049,Integrated human-resource challenge,13:48:21
22-3208428,588-74-2517,Digitized 3rd generation benchmark,22:22:43
22-4148772,785-10-4152,Cloned intangible software,13:29:18
70-0286544,266-46-4022,Innovative intangible function,23:54:55
82-3578238,492-14-5323,Re-contextualized high-level success,1:07:13
43-5458432,887-91-6959,Implemented multimedia instruction set,7:30:38
53-6257845,470-05-8542,Realigned fresh-thinking matrices,6:24:51
73-8970480,685-10-4842,Multi-tiered 3rd generation attitude,7:35:44
37-7213427,108-16-7416,Extended logistical encryption,17:49:53
21-4156484,667-65-6591,Robust regional infrastructure,20:27:28
19-1721189,364-24-5559,Progressive multi-state groupware,15:37:48
62-8109919,573-13-3709,Persistent context-sensitive instruction set,8:53:14
75-8238303,787-94-3109,User-centric regional toolset,20:06:01
90-6032744,202-06-0733,Proactive multimedia analyzer,7:22:45
21-6250989,527-35-6520,Operative grid-enabled system engine,15:34:52
62-6222406,156-31-1650,Down-sized impactful implementation,20:45:07
95-8853518,140-62-8731,Optional multi-tasking artificial intelligence,20:46:10
53-7455077,641-54-5582,Function-based uniform capacity,23:57:51
85-8850461,360-37-6403,Focused encompassing product,20:19:19
09-8191407,894-51-4267,Optimized impactful strategy,5:22:01
71-0955123,657-18-5483,Compatible systemic definition,0:02:21
46-2783625,806-02-5853,Networked 24 hour focus group,18:21:17
25-7403039,184-57-0678,Digitized non-volatile architecture,3:44:53
91-0594682,179-30-8884,Customer-focused bifurcated emulation,4:48:00
04-7698152,348-67-8872,Fundamental tertiary contingency,10:47:31
28-3642004,155-22-7495,Digitized intangible superstructure,4:32:28
38-0129412,483-48-1808,Quality-focused secondary portal,22:04:03
78-5062772,623-96-4591,Multi-channelled neutral orchestration,4:53:28
28-3626748,610-08-9213,Function-based national emulation,10:05:22
86-7838538,210-39-8489,Stand-alone multi-state standardization,22:16:38
44-8621070,820-50-3262,De-engineered needs-based database,12:16:29
95-6653309,351-68-4622,Team-oriented 6th generation approach,22:32:05
36-8162081,449-19-7238,Down-sized non-volatile structure,17:35:05
27-5720227,822-66-1881,Organized background throughput,22:04:03
16-9632564,559-38-2590,Object-based bifurcated matrices,16:31:01
96-0914237,729-18-7880,Innovative disintermediate approach,8:41:57
34-8034929,710-59-4753,Profit-focused asymmetric conglomeration,14:07:53
99-0009850,754-83-0753,Advanced tertiary encryption,9:55:15
92-6313122,673-82-0832,Synergistic system-worthy time-frame,5:27:52
27-5654692,274-73-9226,Self-enabling encompassing benchmark,2:11:31
91-0589475,585-05-3794,Persevering bandwidth-monitored contingency,4:45:27
72-7765820,368-46-5055,Persevering zero defect orchestration,12:26:44
64-2596399,695-29-4174,Persevering transitional installation,18:24:57
73-6578659,349-49-4362,Devolved real-time benchmark,18:41:24
83-3508688,212-15-2072,Extended solution-oriented knowledge base,9:20:36
06-2641255,536-99-2158,Customer-focused transitional synergy,19:45:20
55-8385772,754-39-0589,Distributed zero defect process improvement,8:35:28
14-5020962,801-25-0410,Business-focused dynamic groupware,13:08:04
74-7627880,165-80-2953,Proactive demand-driven portal,5:52:37
23-7601997,453-60-5529,Intuitive bottom-line customer loyalty,10:45:15
34-0129788,169-19-0754,Organic national groupware,23:49:58
26-4121592,205-20-8084,Proactive maximized migration,8:57:02
05-7437046,141-98-7241,Mandatory motivating help-desk,14:29:18
73-2230739,483-96-9228,Monitored zero tolerance superstructure,6:09:23
10-6882489,622-32-7699,Profound object-oriented software,7:35:39
39-6349563,122-04-5961,Exclusive content-based access,15:22:45
65-4057051,490-43-1911,Team-oriented dedicated groupware,13:16:43
73-1817897,423-13-6199,Monitored even-keeled function,11:46:03
22-0802713,108-32-3052,Triple-buffered modular Graphic Interface,11:06:09
65-2954716,523-71-0950,Balanced systematic matrix,6:54:07
43-6158850,798-51-9487,Open-source composite framework,14:29:20
14-4669117,150-06-5632,Reverse-engineered exuding knowledge user,18:19:55
58-9691161,578-12-4814,Function-based uniform installation,19:33:35
95-1401392,749-02-5395,Pre-emptive responsive open architecture,19:36:26
44-6500041,382-33-3734,Implemented 24/7 internet solution,9:20:08
26-6196597,591-51-8193,Organized user-facing hardware,16:42:49
78-0992305,713-02-1617,Compatible national success,19:33:11
42-2454249,428-88-5241,Distributed high-level interface,16:41:19
78-9612799,824-31-7698,Open-source encompassing open architecture,2:08:25
08-9558676,854-35-2668,Stand-alone local neural-net,17:25:59
29-8189714,208-44-2876,Face to face holistic architecture,2:35:33
44-9913755,873-18-9548,Ergonomic analyzing paradigm,12:53:49
50-7810021,612-42-5336,Diverse 6th generation moratorium,9:37:53
33-0190333,362-23-3144,Business-focused uniform emulation,4:57:31
52-8613151,157-19-5318,Team-oriented 5th generation hardware,2:09:34
26-7454441,453-36-9545,User-centric zero defect middleware,21:29:38
39-2729833,592-19-2861,Managed hybrid capacity,23:11:50
43-9432683,677-47-0815,Centralized optimal middleware,17:11:33
92-4265838,336-69-8368,Optimized static productivity,13:02:49
00-7864176,209-08-4083,Virtual context-sensitive focus group,5:54:00
84-2965096,720-79-9161,Reactive composite website,19:26:51
10-4895997,757-63-7980,Managed 24 hour secured line,6:17:27
46-5286065,260-70-5398,Focused high-level standardization,22:06:49
46-2920113,126-04-2653,Customer-focused user-facing conglomeration,9:55:29
90-4192618,576-48-5794,Diverse modular adapter,15:57:10
46-8458617,207-68-3227,Operative high-level solution,5:57:56
44-7864809,601-43-7349,Mandatory systematic access,16:14:52
27-7320283,750-79-9630,Customizable optimizing array,4:58:48
81-7472762,822-09-4696,Proactive uniform intranet,22:32:49
97-8469567,688-08-9477,Decentralized discrete contingency,14:11:43
