28-3905783,Hedwig,Linnemann,9055337175,Female,814 Center Hill
44-7620843,Ranique,Itscovitz,2473655730,Female,130 Karstens Center
59-3443391,Herbie,Roseburgh,9927221217,Male,85 Bowman Junction
40-2456251,Ardelis,Vasyushkhin,7106399630,Female,2486 Jenifer Way
66-8058712,Gordie,Allchorn,9914883100,Male,42 Kennedy Plaza
13-9857195,Sibyl,Neil,3662756768,Male,76681 Emmet Center
64-2810003,Mata,Patifield,6288043857,Male,37 Stang Terrace
39-5780347,Kellby,Lawman,1607116051,Male,13 Boyd Crossing
22-6550454,Abagail,Giurio,2361554848,Female,6795 Loeprich Place
82-9178720,Sean,Magog,2082336815,Male,52065 Hagan Alley
44-8748016,Weston,Gladyer,7896168196,Male,0 Farragut Circle
41-2672524,Selma,Elgie,6031296200,Female,0 Shelley Parkway
37-5703198,Rad,Yankishin,4532304273,Male,2 Butterfield Terrace
84-8108479,Othelia,Widdison,9705929111,Female,59 Declaration Park
82-4011931,Merwin,Phoebe,4233430350,Male,41 Sundown Way
04-0128874,Cobbie,Mattacks,3676454095,Male,94 Loeprich Plaza
13-7582834,Deck,Venmore,2872731125,Male,4 Elmside Center
25-5647067,Tirrell,MacNab,8369520685,Male,68565 Dixon Trail
19-1094560,Mandel,Roads,4028504894,Male,3872 Fallview Way
82-5272598,Lavinia,Lonsbrough,1776245051,Female,124 Oxford Crossing
70-4848920,Jamey,Kelsell,8366933519,Male,77501 Village Green Terrace
98-7375751,Dulcinea,Feighney,8125000603,Female,75 Sutteridge Park
51-2735188,Stephenie,Hupka,1845927671,Female,11 Sugar Court
99-8826037,Abelard,Soanes,9415488879,Male,6 Browning Street
76-6095211,Jourdain,Clever,5589512987,Male,14970 Swallow Lane
95-8308818,Clemens,De Bruijn,7195091482,Male,727 Oxford Terrace
75-0409040,Drucie,Barnson,1539198316,Female,49286 Dryden Circle
85-2199264,Aimil,Shillan,1443570175,Female,049 Lunder Avenue
79-6731129,Ruprecht,Ruberti,9918229359,Male,9530 Merchant Park
29-2509753,Lyndy,Henker,4725911852,Female,6452 Melby Place
85-9173173,Amberly,Haxley,7787567945,Female,316 Florence Pass
26-1670829,Mandel,Stook,3934451492,Male,0347 Division Hill
18-5779059,Eilis,Burkart,7804328901,Female,913 Nobel Junction
65-6319269,Luce,Proughten,9421023239,Female,093 Pierstorff Junction
22-6770354,Annamarie,Kerridge,9643068238,Female,427 Orin Place
17-3561006,Free,Collumbine,6418743391,Male,1769 Florence Pass
30-7586429,Riobard,Hourican,2457815348,Male,84328 Riverside Avenue
98-3452661,Guinna,Oury,7202009191,Female,01 Duke Avenue
88-2855521,Dreddy,Manach,7702959974,Female,13642 Boyd Place
08-9666783,Tarrance,Sutherel,9011688424,Male,124 Pierstorff Center
32-8830953,Skippy,Garlett,9471947481,Male,30 Shasta Drive
29-0288633,Gina,Causton,8014696444,Female,3630 West Trail
19-0094418,Corenda,Tavernor,6874351436,Female,08882 International Way
42-4993320,Arlen,Dreger,9095807346,Male,25 Marquette Court
31-7184146,Franky,Da Costa,8699588158,Male,4 Ryan Alley
17-6033268,Stacey,Judkin,2387952716,Female,23 Myrtle Way
70-7574439,Herta,Bleiman,1783773912,Female,58 Blaine Trail
20-1006874,Brade,Bunten,9855030249,Male,1873 Monica Junction
79-2451859,Gerrard,Barratt,5786212060,Male,20325 Thompson Park
58-5135191,Konstanze,Jendrassik,3071039244,Female,0 Maple Pass
17-2469487,Deck,Skrine,1422383337,Male,64 Hazelcrest Alley
10-2169893,Bernadina,Askam,5201696856,Female,7680 Elmside Park
72-5805379,Guilbert,Jupp,9247804998,Male,72287 Warrior Terrace
10-9014556,Everard,Mitten,2078355822,Male,74737 Hintze Avenue
31-3656904,Kent,Stairmond,3717704317,Male,5 Amoth Court
24-4045135,Garner,Winckworth,2904140213,Male,22682 Ohio Crossing
23-5622354,Lana,Godson,4714986068,Female,3786 Reinke Hill
32-3863960,Caleb,Blundon,7761367599,Male,554 Cody Road
41-8824982,Frannie,Cawood,5621163542,Female,2101 Hoepker Plaza
65-3412159,Andrei,Kornyakov,6627283519,Female,49 Prairieview Park
89-0864933,Baron,Bemment,5655482575,Male,8 Holy Cross Way
87-2783145,Kenna,Gauthorpp,1653543567,Female,4 Ludington Center
00-7743404,Jory,Jovovic,4297326697,Male,418 Barby Pass
14-2193943,Ewart,Pipe,7853483610,Male,474 Colorado Lane
48-2005765,Kristian,Shall,9708199886,Male,21224 Amoth Avenue
94-2436257,Shurlocke,Westnedge,8991005955,Male,4 Jenifer Avenue
30-7088054,Elijah,Ticehurst,4941148223,Male,7504 Warbler Avenue
36-0680711,Shayne,Kemetz,1622221941,Female,61 Porter Lane
55-4530572,Evy,Aizikovitch,9396017003,Female,21165 Grasskamp Plaza
74-5315735,Alejandrina,Peggrem,3597075470,Female,66442 Novick Parkway
37-7998980,Hedy,Patroni,5507083158,Female,507 Stephen Plaza
05-5687577,Emmerich,Thompson,5631186700,Male,4919 Morning Point
00-6629505,Dante,Parish,2351583909,Male,79945 Londonderry Court
93-5347781,Bale,Toderbrugge,7167989910,Male,8 Monterey Plaza
76-5667454,Umeko,Mercy,1665581748,Female,22 South Road
87-9555335,Klarrisa,Rodgman,3603887755,Female,16 Straubel Park
33-7770451,Hettie,Staveley,4288080361,Female,928 Canary Circle
07-0036595,Gena,Clemon,2028514268,Female,72 Mccormick Parkway
32-5323134,Dorelle,Wallentin,1687480193,Female,39693 3rd Court
16-5602677,Paulie,Lenox,4856583601,Female,2 Little Fleur Junction
39-1628411,Hendrick,Ateridge,6838216214,Male,2 Forster Park
55-1801641,Lew,Monroe,4354377045,Male,882 Eastwood Hill
75-3895616,Alfredo,Jorck,1765630212,Male,801 Alpine Parkway
93-0230087,Eugenie,Vail,6234123823,Female,6 Old Shore Alley
53-9646140,Dillie,Bangley,5988332423,Male,89 Florence Drive
73-8940160,Alejandro,Rawstorne,9384694460,Male,01610 Glendale Park
12-5549057,Nadeen,Goldstone,1578117243,Female,2 Clove Place
66-6634047,Giacinta,Ainslie,6211451631,Female,05 Stuart Avenue
46-6401251,Colas,Livezley,7454955096,Male,4326 Comanche Parkway
87-3193020,Daune,Lemmertz,3806164079,Female,59 Pawling Circle
86-1488697,Dorey,Eads,6448731575,Female,32651 Superior Avenue
43-7512339,Eli,Bremen,9519389064,Male,5 Summerview Lane
58-8467624,Aindrea,Gillani,2123532608,Female,8034 Eagle Crest Court
62-9590406,Trescha,Kettlestringe,6966296377,Female,9 Kennedy Road
43-1288100,Dara,Daughtery,6593894623,Female,00243 Loeprich Court
80-6866975,Suzann,Alejandro,3924002605,Female,67 Stang Park
87-8112113,Emmit,Ranking,1749405082,Male,835 Scoville Road
15-2804757,Wyn,Wildblood,1505678708,Male,68897 Hoard Plaza
82-4864258,Klemens,Maile,7863126642,Male,834 Lakewood Lane
98-5542488,Star,Aspey,2135028424,Female,59473 Coolidge Junction
40-4253520,Catina,Kinton,8478217642,Female,86280 Claremont Center
97-5003600,Kacy,Pascho,3941451040,Female,4324 Hoepker Point
92-5172679,Burtie,Simonel,1248375619,Male,894 Northwestern Crossing
98-2934538,Nanice,Birdsall,7025641017,Female,4 Fuller Crossing
69-1607806,Nert,Schimann,9257021121,Female,659 Spohn Street
48-6469435,Peg,Kenney,9598258475,Female,147 Bellgrove Circle
05-6815898,Derby,Hegel,4374873597,Male,28 Trailsway Parkway
43-6465698,Christie,Lambkin,4197066201,Male,9 Commercial Alley
82-4065436,Dorotea,Rawlins,2542355234,Female,8 Donald Terrace
66-3149174,Townie,MacVay,4089570300,Male,7198 Sycamore Road
39-4219855,Jon,Mc Gaughey,2194971385,Male,0 Carey Trail
48-6428363,Bess,Kalinsky,1211077801,Female,032 Eagle Crest Drive
29-4139664,Tiffanie,Fermoy,4635895048,Female,78298 Oneill Point
44-1225252,Amii,Mazzei,2489933102,Female,089 Dryden Street
53-1837667,Nappy,Tretwell,2289520803,Male,22 Morrow Trail
04-2970869,Hansiain,Franzel,9707062082,Male,13693 Morningstar Parkway
89-7815910,Duke,Eakeley,8878431403,Male,8726 Clove Circle
54-6431753,Quent,Beddon,9327340592,Male,457 Laurel Park
64-1216420,Wesley,Vedishchev,6848791887,Male,2563 Dahle Center
78-8231216,Waverly,Demare,9383243881,Male,6857 Clemons Place
02-6430676,William,Methley,8767212022,Male,65 Arizona Crossing
85-0727507,Yehudit,Ridgers,2174466264,Male,7336 Cascade Point
94-3691341,Heddi,Landall,4869406038,Female,864 Dovetail Alley
46-0660981,Tripp,Kalb,8538235592,Male,401 Judy Terrace
65-6249541,Hershel,Malan,9605819222,Male,1086 Anderson Avenue
07-1433641,Marve,Kamenar,7189170773,Male,523 Roth Trail
27-6417135,Trudey,MacMeanma,9416015370,Female,46140 Knutson Center
60-0071227,Justus,Ruckert,7516582786,Male,78548 Coleman Point
73-1315393,Shel,Arnaudot,6054644589,Female,19 Forster Center
57-5792817,Tibold,Jesty,9537277842,Male,5 Chinook Trail
81-0042272,Doretta,Rustan,3108998364,Female,4 Sachs Junction
49-0313629,Sherm,Caldero,7184622883,Male,261 Sachs Terrace
26-9558062,Elston,Going,1608774250,Male,7 Gale Park
25-3197856,Randell,Ebi,4561202489,Male,00846 Merrick Plaza
84-0600671,Tamqrah,Heibl,6086608753,Female,6 Colorado Park
31-5933927,Leicester,Twelve,9419227324,Male,11726 1st Court
05-1521729,Shawn,Jardine,6815099802,Male,7319 Dryden Crossing
75-3611332,Verena,Scullard,6027965215,Female,190 Stang Drive
60-0771352,Giovanna,Shall,7198214310,Female,2 Mandrake Hill
34-3188714,Noach,Bonellie,9532952180,Male,1 Mendota Way
36-9941606,Wenona,Simmonett,2153705743,Female,4888 Mccormick Lane
34-1138022,Leigha,Epilet,1187175806,Female,25 Charing Cross Alley
49-2637647,Charmane,Stammer,1714667137,Female,4511 Commercial Alley
98-0844392,Ann,Gunthorpe,9919952108,Female,04 Grayhawk Circle
42-4689112,Sandie,Zanettini,2842220726,Female,04 Buena Vista Lane
81-8906686,Gard,Mildenhall,5567370150,Male,9649 Harbort Trail
47-2295321,Jacquetta,Osipenko,9349831238,Female,991 Harbort Road
28-9673069,Myron,Crick,4893416820,Male,079 Melvin Street
86-3610508,Carmella,Kaveney,3956960580,Female,7964 Lawn Court
52-9577528,Madge,Alastair,5897473178,Female,53700 Park Meadow Center
95-9283445,Klemens,Kubacki,2486661498,Male,333 Fremont Circle
10-4601948,Francene,Sutherel,5638895650,Female,0 Carpenter Point
37-6688634,Jamil,Olyonov,4975454533,Male,42230 Anthes Place
31-3882382,Franky,Tideswell,1475245356,Male,62238 Larry Trail
71-6007902,Aretha,De Leek,2564002659,Female,6 Green Ridge Lane
44-1796867,Olia,Wreak,8283821382,Female,5231 Division Pass
67-5347537,Langston,Woffenden,2672080590,Male,07 Farmco Center
70-9711250,Malvina,Lamberto,3477208338,Female,5 Longview Street
89-6211777,Robinett,Phippard,5829666543,Female,9 Blackbird Alley
05-5636810,Sondra,Rountree,9075083463,Female,7 Dexter Hill
30-6051868,Garrek,Harkin,8281404174,Male,08 Buhler Way
66-0517098,Jinny,Humm,9409230951,Female,77 Ludington Drive
45-3578212,Cale,Ricarde,4526318646,Male,60770 Del Sol Plaza
06-2443589,Ulrich,Nacci,2881227742,Male,4 Atwood Circle
81-1577737,Meredith,Jedrys,1643698510,Female,58 Hermina Circle
44-9626685,Ari,Capstake,1964183136,Male,5703 Little Fleur Point
40-1090148,Gerrie,Heel,8214719533,Female,44585 Sherman Plaza
90-2945310,Evvy,Mungane,2279395056,Female,208 Eliot Circle
08-2997106,Kaspar,Valentetti,8406141342,Male,15281 Melrose Road
98-6159489,Dell,Vasyutichev,4056348400,Male,98852 New Castle Court
26-3424355,Brigid,Scoon,9845122235,Female,54672 Village Junction
82-1663288,Merrill,Grafom,8392129893,Female,58 Dayton Pass
36-5398757,Dorena,Sorton,2336382457,Female,815 Johnson Trail
15-0701721,Nanette,Wills,4205914572,Female,1 Coleman Junction
76-2219917,Beatriz,Hallitt,4414576297,Female,93703 Prairieview Parkway
11-0505256,Julina,Bridges,9256745108,Female,573 Melby Trail
33-1903667,Maridel,Panther,6195878738,Female,3 Stang Drive
04-4891728,Marquita,Curlis,9774913528,Female,36 Melby Court
29-0209590,Ches,Robley,2142483400,Male,92877 Pearson Place
09-0014713,Kerby,Kiln,6184022477,Male,80 Twin Pines Junction
18-1191754,Gilly,Itschakov,2752551751,Female,74 Oneill Place
43-8407525,Junie,Jimenez,9677875088,Female,65579 Ramsey Pass
95-2218988,Rorke,Hanscom,1638731612,Male,862 Spenser Lane
57-5536672,Mile,Riehm,7997213944,Male,43044 Shoshone Terrace
05-4726827,Casar,Maypother,7803027896,Male,88067 Hudson Street
63-0835850,Rodolfo,Sturney,5529398378,Male,66057 Bartillon Plaza
15-2843780,Herbert,Lydiatt,2899365270,Male,8 Mifflin Park
07-0673771,Nap,Fisbburne,8847536331,Male,56393 Paget Pass
88-0325236,Charlene,Toffanelli,4156011839,Female,45 Mallard Park
09-7667423,Garrick,Eglise,6052332676,Male,29412 Village Green Drive
98-6955210,Felice,Bloomer,9243280812,Female,0 Nevada Crossing
69-3204752,Bartlet,Baudino,3745375059,Male,636 High Crossing Street
44-8133318,Gualterio,Kenderdine,1516794503,Male,5389 Burrows Place
05-3024093,Hurley,Sands,5506553638,Male,0136 Tomscot Junction
25-3048843,Misha,Olivo,9934025382,Female,046 Loeprich Point
36-0285047,Grantley,Ransfield,7757551329,Male,65976 Lighthouse Bay Trail
58-9054672,Tuck,Bamfield,9068157845,Male,81 Corben Place
20-4051037,Harlen,Huston,5203811927,Male,67 Emmet Street
78-7395012,Donovan,Langabeer,3981027830,Male,3 Drewry Court
02-4731296,Harriette,Yearne,7951413424,Female,46 Sutteridge Way
25-7957024,Tucky,Rowler,9695022710,Male,754 Montana Alley
53-8205659,Vanessa,Paulus,3652776297,Female,8 Springview Hill
59-4232848,Barny,Pietersen,3727044073,Male,557 Sunnyside Court
74-0947264,Shane,Snaddin,3568075064,Female,7 Shoshone Park
61-5881799,Jerrold,Fullagar,7953457350,Male,2 Main Way
32-2909538,Sayers,Petto,9224540274,Male,7 Haas Court
23-9095957,Karna,Skermer,7999449124,Female,58 Valley Edge Plaza
84-0237355,Daniela,Sorton,5968065619,Female,9572 Raven Parkway
27-9183414,Deeyn,Tottie,4209658958,Female,19462 Dwight Way
03-5478948,Hester,Giraudou,7541493885,Female,4527 Ruskin Place
55-9414548,Fernanda,Tippett,4446446883,Female,3 Ohio Circle
26-0660558,Collete,Matthiae,5389402527,Female,183 Oriole Way
68-5722190,Crichton,Jacques,7045564618,Male,3950 Bultman Center
25-3806879,Gabbie,Tezure,7215126035,Female,6390 Kingsford Pass
81-6816677,Bethanne,Prendergast,6418840262,Female,661 Stuart Trail
35-9481027,Sharity,Aspinwall,4966556762,Female,79132 Dawn Circle
89-0112775,Tana,Althorpe,2912011159,Female,55063 Meadow Valley Place
06-3744332,Sayer,Scarfe,9349560021,Male,8 Rusk Parkway
74-8881660,Oriana,Haresign,5329791106,Female,0 Di Loreto Hill
76-9508541,Paxon,Wilkerson,2975362145,Male,070 Arkansas Crossing
88-5818691,Randolph,Domnin,9997009067,Male,35949 Warrior Street
02-5266215,Lewes,Conen,3072687495,Male,3 Eagle Crest Park
43-0357002,Alick,Gearty,7721083670,Male,72 5th Street
02-6160312,Evangelina,Charles,9667648684,Female,00 Mcguire Street
73-4789274,Reilly,Giorgioni,7193433075,Male,83 Claremont Hill
56-3112756,Dixie,Seymour,4481502725,Female,7 Holy Cross Parkway
91-0016373,Swen,Clapp,3463683645,Male,88391 Algoma Avenue
57-5845207,Ashia,Morewood,9136826996,Female,73 Crownhardt Hill
38-9573167,Noak,Gudd,2618897619,Male,6 Oxford Drive
88-0986288,Renell,Follan,3851082480,Female,97 Lawn Crossing
17-7949309,Aldis,Stonhouse,5588840392,Male,68 Morrow Lane
35-8566076,Junia,Pomfret,7285338262,Female,72468 Mcguire Point
66-4175807,Joellyn,Saulter,4979005343,Female,430 Weeping Birch Place
43-0951602,Mella,Grcic,5798459165,Female,08 Homewood Center
18-3087348,Marian,Reveland,5345433988,Female,1182 Larry Circle
52-0850494,Ainsley,Comfort,1973136889,Female,3806 Debs Drive
15-3793713,Carolee,Eby,2371075539,Female,78037 Blue Bill Park Park
63-8965761,Peta,Risen,2633820931,Female,6378 Cherokee Court
45-4826704,Raeann,Sherrocks,8789376262,Female,4121 Heffernan Court
97-6285506,Wolfie,Folkard,5968077893,Male,6428 Merchant Court
84-5795582,Danica,Brayshaw,5361259506,Female,759 Londonderry Alley
52-3482095,Shana,Noel,2947678777,Female,5954 Golf View Circle
75-8244044,Eddie,Ruthven,2393825523,Male,803 Norway Maple Alley
57-9579090,Antoni,Rieflin,5955019182,Male,3684 Tennessee Place
45-9490393,Lou,Mineghelli,9228276359,Female,8 Esch Drive
45-4353483,Pattin,Ruse,5437865703,Male,053 Messerschmidt Center
73-2663882,Ingeborg,Lindsay,2817593806,Female,01 Bay Street
10-6882489,Dexter,Gerraty,9972203515,Male,37634 Sundown Hill
39-6349563,Thomasin,Moakes,3734368267,Female,66968 Warner Parkway
65-4057051,Randa,Wiskar,3625486066,Female,6 Merrick Parkway
73-1817897,Byran,McCrachen,7057442499,Male,5017 Hoffman Circle
22-0802713,Morse,Salkeld,5194144809,Male,8283 1st Way
65-2954716,Alexander,Cater,9562534866,Male,66980 Myrtle Place
43-6158850,Babara,Kennady,3943912908,Female,1 Eggendart Parkway
14-4669117,Rosetta,Garlett,3614991161,Female,4 Coleman Drive
58-9691161,Margy,Barzen,8148216968,Female,2 Holmberg Alley
95-1401392,Emanuele,Lownsbrough,5249832179,Male,0 Burrows Hill
44-6500041,Wenda,Loxly,7765102044,Female,586 Gateway Pass
26-6196597,Salomi,Smylie,1797644494,Female,328 Brickson Park Crossing
78-0992305,Tildy,Ginnaly,5317854119,Female,3 Elgar Trail
42-2454249,Douglas,Gomar,5275059656,Male,801 Moland Place
78-9612799,Vyky,Dogg,9904899074,Female,2 Kedzie Circle
08-9558676,Petey,Klassmann,1349570842,Male,102 Shasta Trail
29-8189714,Nyssa,Ramshay,2463347022,Female,4227 Roxbury Avenue
44-9913755,Patrizius,Marquet,6484706253,Male,87980 Lakewood Plaza
50-7810021,Devina,Gehrels,8743708184,Female,1 Hauk Pass
33-0190333,Basilius,Sleeman,3069879909,Male,5 Nelson Drive
52-8613151,Benni,Plaskett,5419899475,Female,636 Kenwood Drive
26-7454441,Anastasia,Vanlint,1231059793,Female,0 Beilfuss Terrace
39-2729833,Carlin,Bondley,2793247257,Female,1 Cascade Hill
43-9432683,Hillel,McInnerny,1179257090,Male,145 Kropf Alley
92-4265838,Daryl,Rickard,2026986623,Male,563 Westend Way
00-7864176,Hettie,Dollar,3108017908,Female,12 Mesta Avenue
84-2965096,Blinni,Andrich,8613458104,Female,96 Northland Street
10-4895997,Carce,Whitear,7981762090,Male,6 Norway Maple Circle
46-5286065,Bette-ann,Maddock,5493118950,Female,366 Burning Wood Park
46-2920113,Thorin,Ewence,9402992826,Male,690 Shopko Court
90-4192618,Isadore,Yewdell,8884717772,Male,05356 Monica Alley
46-8458617,Hermina,Threader,6396357027,Female,668 Hoepker Street
44-7864809,Ad,Kettoe,5672496198,Male,3 Sachs Point
27-7320283,Shina,Iles,4126496463,Female,4148 Arkansas Alley
81-7472762,Joelle,Litzmann,2213901993,Female,7694 Forest Dale Point
97-8469567,Maison,Durgan,4362617462,Male,15 Spohn Parkway
47-3950341,Patience,Wank,4484853388,Female,3 Forest Dale Avenue
69-3617837,Shep,Clemerson,3421266473,Male,02 5th Park
18-0448335,Moina,Loudon,5122576103,Female,5 American Ash Lane
29-1586654,Rahel,Wilbud,6648585075,Female,202 Goodland Road
43-9832787,Alejandrina,Splain,2454993962,Female,2 Truax Street
65-0651324,James,Elis,5011442486,Male,82053 Warner Way
18-3249963,Cchaddie,Bedwell,3126830695,Male,74 Corry Hill
00-5042351,Creighton,Eadon,4393522951,Male,9653 Graceland Plaza
41-2827913,Lyn,Rignold,7866423775,Male,53 Ridgeview Center
15-9454605,Gav,Oxbe,3054032764,Male,1 Stephen Hill
84-4334348,Margarete,Enderle,1447239012,Female,1 Karstens Crossing
96-8224741,Arlene,Ellett,3949143746,Female,3893 Del Mar Trail
72-3297341,Mellie,Polak,2034642397,Female,046 Mccormick Point
43-9132894,Ludovico,Halfpenny,2623610218,Male,14138 Clove Center
06-9013998,Jasper,Walkowski,2552866498,Male,79488 Sloan Alley
54-4701306,Ofella,McDade,2928982131,Female,92112 Grim Hill
27-6821443,Reginauld,Utley,6412661396,Male,26 Texas Lane
25-9357064,Monique,Gordge,9166646130,Female,8730 Hayes Plaza
87-0014824,Mitchel,Iacovolo,6663579307,Male,334 Sheridan Plaza
54-0974287,Martino,Penddreth,6368530894,Male,0 Hanson Point
33-9063517,Borden,Hearfield,7735032881,Male,465 5th Circle
62-9143294,Ty,Akred,8713384850,Male,2 Talmadge Road
11-4631290,Kori,De Miranda,5403806592,Female,67 Upham Junction
85-3833383,Charisse,Ickowicz,6207246358,Female,7073 Coleman Terrace
10-7266370,Gerardo,Dalley,3012859095,Male,2 Shasta Park
55-2332616,Yettie,Lattka,6708452827,Female,6 Welch Court
50-6134596,Kendre,Menendes,8796660960,Female,864 Oak Avenue
45-4581821,Cyndi,Parsisson,2267906794,Female,3 Porter Parkway
55-1314385,Nevins,Oseland,7578621335,Male,20319 Fremont Drive
65-8553433,Anni,Cossem,2706322740,Female,36044 Susan Road
11-2405800,Berny,Jonin,9286828880,Male,2 Browning Court
38-8452416,Hortensia,Blaxton,6106009340,Female,6 Harper Parkway
36-4562255,Madelon,Jerrome,7604174149,Female,39 Summerview Crossing
53-1781744,Eveline,Lamp,6099232942,Female,405 Continental Drive
17-9630740,Rriocard,Heavy,8686144969,Male,46 Fulton Point
13-5804861,Elroy,Beiderbeck,1499050934,Male,94 Orin Hill
35-4639890,Rab,Heaney,5496653201,Male,43 Mosinee Avenue
21-3860829,Octavia,Reinhart,4609548184,Female,32 Susan Court
67-8006879,Claudius,Bruce,5536469315,Male,558 Sachtjen Plaza
13-1553344,Alisun,Gerardeaux,3585962367,Female,8747 Maywood Parkway
36-6808823,Gloriane,MacGaffey,2103310466,Female,3 Northfield Plaza
91-8385651,Caren,Sendall,4216267125,Female,9781 Lakewood Gardens Pass
83-6053317,Justen,Tompkin,7147650089,Male,1367 Norway Maple Alley
31-0876966,Ilysa,Butcher,2338607533,Female,58528 Luster Terrace
66-5455435,Alys,Headrick,1706888507,Female,852 Loftsgordon Avenue
25-8842643,Lebbie,Silcox,7077980807,Female,06 Ohio Junction
49-8157606,Nelli,Bruntjen,9564300949,Female,63 Monterey Way
09-7359564,Roberto,Alcalde,1816043628,Male,867 Thierer Junction
05-0268628,Cyrus,Chrstine,4884398369,Male,2 Sutteridge Drive
81-0111498,Boony,Jepensen,4865281515,Male,32801 Talmadge Street
62-7600573,Lynnette,Whitehouse,3529670234,Female,0 Boyd Street
99-2249641,Saunders,Tomalin,8092336451,Male,14837 Manley Point
81-2745057,Deerdre,Mullin,7166794558,Female,37 Thackeray Avenue
68-3143358,Inessa,Embury,4539811608,Female,8382 Ridge Oak Terrace
52-0417737,Ash,Novotni,2615448464,Male,1 Northview Drive
54-4658131,Davon,Vogele,2007102210,Male,75305 Russell Center
99-4348738,Lotte,Chattock,7474632792,Female,89 1st Crossing
33-8966785,Krista,Barens,6104284823,Female,3 Dahle Junction
06-4032794,Bunni,Thomsson,8203418380,Female,9979 Eastwood Circle
58-9707939,Cris,Dur,7644958092,Female,60 Clemons Hill
88-1182066,Stephana,Grigoliis,1978833438,Female,064 Steensland Lane
58-4641023,Jemmie,Wogdon,5489689002,Female,3 Goodland Road
66-8585966,Holly,Foresight,9696746531,Male,95558 Westridge Hill
80-0855860,Clemmie,Lewsam,1388101998,Male,688 Roxbury Crossing
54-4475188,Bernadette,Blincko,8927317896,Female,3 Hudson Alley
64-6990213,Hollis,Di Biasi,8175236248,Male,339 Cambridge Street
50-6153820,Neils,Cranmere,8786552637,Male,0252 Northport Hill
92-1847817,Judye,Bush,2036572601,Female,9 Pond Point
81-5463131,Derby,Dingley,6553623932,Male,7 Oxford Way
32-5273342,Skelly,Dunwoody,8429724161,Male,81 Dorton Street
94-8878492,Kelsy,Hambric,3559090104,Female,4339 Homewood Crossing
60-5429786,Pepe,Lakenden,1456322216,Male,21167 Del Sol Plaza
65-8660181,Rakel,Breffit,3827800555,Female,9 Golf Course Junction
08-5663418,Maridel,Goldhill,4854783805,Female,312 Nancy Street
38-2684719,Doralyn,Castanyer,5099425532,Female,79893 Sunbrook Point
24-5074940,Lea,Lardeur,8364012983,Female,5 Aberg Street
98-9615479,Homer,Covotto,8413365973,Male,560 Mccormick Point
84-4847603,Reed,Catley,1532729240,Male,9985 Sutteridge Point
31-8594021,Herve,Greser,8625366218,Male,684 Gina Plaza
01-6919601,Celinka,Corris,4077606849,Female,71 Roth Way
47-5813020,Lorilee,Brastead,1659536312,Female,9 Clove Place
81-9477671,Odette,Leddie,3515104389,Female,27 Pankratz Circle
26-4560699,Sherlock,Garcia,1805965638,Male,4 Stoughton Point
19-2321791,Errick,Perch,5036851209,Male,9 Cordelia Circle
31-2228507,Bev,Wohlers,8339725872,Female,61 Knutson Drive
76-2599816,Agnella,Mole,8884246748,Female,8 Helena Crossing
09-5745936,Eamon,Heinl,7844053363,Male,26808 Cardinal Trail
74-1172485,Broddy,Darrow,9745703359,Male,380 Autumn Leaf Pass
59-9438455,Merla,Andrag,7495956959,Female,95138 Texas Plaza
65-2761173,Aggie,Thompson,9139311852,Female,91 Vernon Junction
03-8706412,Lindy,Fritche,6505213239,Male,017 Merry Parkway
74-2618854,Ryan,Vaney,8144240105,Male,68 Maple Wood Road
04-5421840,Wernher,Hail,8981910587,Male,6090 Express Hill
51-6360204,Buddy,Myerscough,2152656309,Male,12 Di Loreto Point
17-8450501,Aileen,Marke,4042340220,Female,8 Pearson Lane
19-6779514,Westley,Naismith,8249670780,Male,61020 Forster Crossing
67-2971596,Binni,Kemson,9084445879,Female,3674 Ridgeview Avenue
76-1893147,Mervin,Sisley,6003425180,Male,511 Monterey Plaza
14-4404983,Hildagarde,Oggers,8121478468,Female,16458 Gina Point
17-5845131,Drucill,Valentelli,2007904268,Female,0502 Corben Pass
10-6668970,Brennan,Spence,4602716738,Male,929 Ludington Park
14-6785109,Barbie,Huckfield,2474442461,Female,8033 Park Meadow Junction
63-1117519,Cchaddie,Orta,2682302343,Male,62394 Little Fleur Court
58-0814468,Ted,Grimme,1092833336,Female,9125 Morningstar Street
38-1278410,Barbey,Lyst,7159723079,Female,2 Oak Place
86-6619790,Jakob,Pitcock,1442082229,Male,0 Columbus Way
62-1775074,Binky,Goslin,4157203494,Male,44 Macpherson Way
00-0619643,Arleta,Blumson,8253480848,Female,068 Troy Court
13-8118972,Zed,Tubbs,3131503409,Male,70382 Scofield Crossing
36-6197527,Hayyim,Dehmel,7187764604,Male,65 Elmside Lane
23-9568627,Davidson,Delagua,6921868816,Male,755 Waxwing Plaza
82-7571963,Jacques,Veal,3166986397,Male,1 Cody Avenue
31-5454379,Jack,Mathew,6868413369,Male,540 Veith Plaza
09-6267750,Ruddy,Rathbourne,8487245550,Male,71 2nd Center
38-7105815,Evered,Mathon,1523700955,Male,3151 Mendota Drive
17-5402236,Aldrich,Ambrozewicz,3044553508,Male,8143 Corben Center
19-2291708,Bert,Scrowson,7939625935,Female,43 Eastwood Way
16-4267634,Pepito,Kruschev,4348554668,Male,5 Meadow Vale Circle
86-9343030,Hamil,Glantz,5783756655,Male,98752 Hansons Terrace
01-3740972,Kellby,Okroy,3744894235,Male,80294 Redwing Terrace
81-5529762,Patsy,Gruczka,4121627216,Male,97 Holmberg Circle
79-4845380,Persis,Hassey,2886830215,Female,62494 Maryland Pass
75-0683250,Neddie,Brewse,7374452518,Male,5306 Arrowood Terrace
92-0558673,Alvera,Crighton,1659508631,Female,472 Helena Circle
85-4236882,Charis,Bernholt,6152344320,Female,52 Green Road
89-3261372,Judas,Begg,2996395333,Male,32 Merchant Way
62-2376333,Heddi,Reichardt,7098047158,Female,6122 Grayhawk Avenue
55-6345529,Ranice,Leimster,7551783249,Female,278 Chinook Street
45-5679741,Gualterio,Dunkley,7459485169,Male,2 Basil Circle
78-0146571,Rosemonde,Maylor,5913576663,Female,7 Northwestern Street
22-3208428,Jewel,Shyres,1644569112,Female,18860 Eastwood Pass
22-4148772,Pippo,Biernacki,8583973072,Male,9 Lien Place
70-0286544,Aurea,Garlick,7688932519,Female,24071 Summerview Way
82-3578238,Viva,Woodburne,5682661437,Female,168 Bashford Place
43-5458432,Jennie,Bartolacci,7631419213,Female,62093 Park Meadow Place
53-6257845,Hebert,Stewart,9337809956,Male,861 Marcy Hill
73-8970480,Morey,Feldfisher,2943417467,Male,34 Holmberg Center
37-7213427,Axe,Trevan,2253247203,Male,5566 Comanche Drive
21-4156484,Antoni,Averall,4777359519,Male,77802 Merry Park
19-1721189,Burr,Abrahm,2602809632,Male,733 Mifflin Lane
62-8109919,Johannah,Farndon,8033123591,Female,8 Morrow Crossing
75-8238303,Charles,Ikin,2765920779,Male,01364 Mosinee Drive
90-6032744,Ruthanne,Wrathall,2583283987,Female,15 Darwin Crossing
21-6250989,Sal,Trynor,4315762348,Male,82 Pond Pass
62-6222406,Shelby,Desantis,4914847831,Female,9803 Ludington Drive
95-8853518,Lonna,Instrell,6123805816,Female,52131 Talmadge Street
53-7455077,Adolpho,Tonsley,2773825691,Male,65 Laurel Hill
85-8850461,Karlik,Artindale,3435038079,Male,133 Talmadge Trail
09-8191407,Ivett,Vanderplas,4093134410,Female,903 Nelson Place
71-0955123,Ami,Carnalan,1969984180,Female,57563 Rockefeller Junction
46-2783625,Ewan,Hodges,6567901897,Male,216 Thackeray Place
25-7403039,Crawford,Itzkovwitch,5131581966,Male,9445 South Junction
91-0594682,Binky,Fishly,4018692137,Male,05146 Anthes Junction
04-7698152,Rice,Flather,6401816333,Male,808 Holmberg Circle
28-3642004,Chere,Sharrock,9853307121,Female,4179 Cambridge Terrace
38-0129412,Desiree,Bouldstridge,8352705419,Female,1843 Waywood Hill
78-5062772,Carny,Danielsen,4254317979,Male,499 Jenna Lane
28-3626748,Gweneth,Moutray Read,9232034953,Female,17 Manitowish Way
86-7838538,Sonia,O' Brian,8186242023,Female,13715 Mesta Parkway
44-8621070,Kevina,Reggio,5466369360,Female,7 Debra Avenue
95-6653309,Ira,Rowlin,2388535926,Male,33 Washington Lane
36-8162081,Ron,Domegan,1509329175,Male,1071 Scofield Pass
27-5720227,Terencio,Spafford,7676785599,Male,412 Springview Plaza
16-9632564,Daryle,Glasard,6207000360,Male,4 Northland Lane
96-0914237,Carlene,Coates,3754078326,Female,1946 Talisman Avenue
34-8034929,Wilt,Spreag,1798136587,Male,3 Sloan Road
99-0009850,Desmond,Muckart,7672093846,Male,841 Waxwing Lane
92-6313122,Erminie,Dunham,2295598960,Female,5293 Arapahoe Avenue
27-5654692,Rozele,Hollow,4729214898,Female,62950 Gateway Plaza
91-0589475,Ethelin,Rotherham,2943915327,Female,79819 Debs Trail
72-7765820,Zulema,Foord,4096813071,Female,82442 Evergreen Way
64-2596399,Verney,Costigan,2397082215,Male,9 Hallows Junction
73-6578659,Bennie,Menauteau,7138784031,Male,18844 Jenifer Parkway
83-3508688,Paddie,Blare,7496697144,Male,7 Dakota Plaza
06-2641255,Locke,Runnalls,7184162180,Male,781 Jana Place
55-8385772,Fabe,Katt,5243578322,Male,33 Manufacturers Drive
14-5020962,Shawn,Blumson,2893625632,Female,1204 Rieder Road
74-7627880,Delmore,MacGuiness,5624335154,Male,0507 Cascade Street
23-7601997,Ailyn,Joseph,1114060716,Female,156 Little Fleur Place
34-0129788,Franciskus,Fateley,4926193911,Male,9 Morrow Drive
26-4121592,Eugene,Bwye,1781465895,Male,509 Service Junction
05-7437046,Jedd,Featherstonehaugh,8467066519,Male,642 Hintze Plaza
73-2230739,Marlo,Tomadoni,6278715717,Male,78 Mosinee Trail
59-1250393,Judye,Augustin,4586983048,Female,913 Welch Street
51-4054099,Fernando,Helks,1324271777,Male,8 Mosinee Place
84-1809552,Linet,Attrill,2165053314,Female,62196 Granby Crossing
94-6927721,Lucas,Realy,9112074372,Male,533 Ohio Alley
73-0484931,Edvard,Wiskar,3631241519,Male,9208 Walton Terrace
12-9391351,Pinchas,Robertet,6904838742,Male,5374 Bay Court
38-3286211,Sherie,McArdell,6704365672,Female,6 Barby Way
16-3726028,Malachi,Pendrick,4294298594,Male,4159 Red Cloud Hill
01-4440793,Crysta,Gladyer,6321679175,Female,400 Moose Park
87-2943743,Marietta,Lorraway,4684956072,Male,0520 Sutteridge Hill
34-2694893,Jenny,McCullough,3366390297,Female,8301 Alpine Alley
83-8999992,Sashenka,Ropp,5141203910,Female,34385 Burning Wood Trail
45-7099151,Myer,Gumbley,4573504988,Male,5068 Declaration Pass
52-1342967,Adeline,Fairpo,1145518720,Female,1618 Mayfield Trail
23-7750720,Marje,Weatherley,8872481772,Female,17 Sycamore Drive
44-5584103,Pandora,Pacquet,4981675133,Female,8 Katie Road
26-8964830,Piggy,Craddy,9585784530,Male,8144 Loftsgordon Point
80-1007375,Fonsie,Cox,6542867209,Male,12978 Pawling Park
08-2095104,Austina,Miskimmon,8116984995,Female,06 Randy Point
65-4102372,Rozina,Haynes,5536133253,Female,8198 Fallview Street
54-3648942,Desdemona,Wookey,3031568333,Female,83157 Holmberg Pass
05-0267121,Ulberto,Chittleburgh,5233288248,Male,14 Mendota Junction
38-0803473,Kliment,Castells,2602058010,Male,576 Dovetail Junction
40-4236687,Lotty,McNair,3386069616,Female,5 Straubel Street
66-0278128,Antons,Slot,9886001418,Male,63 West Way
60-4395335,Dinny,Haddleston,8166175197,Female,348 Fulton Avenue
02-3049267,Guendolen,Gateland,6827096303,Female,5 Packers Plaza
23-9339623,Maynord,Dunan,8741464530,Male,5829 Scoville Road
66-5722467,Ashley,Capstake,5129956779,Male,43196 Esch Park
24-0209737,Hannah,Benardette,8071754563,Female,72 Everett Street
11-6712143,Cher,Meyer,7672726520,Female,47922 Reinke Hill
83-4738271,Daffie,Ciccarelli,1206428431,Female,1851 Heath Court
06-9039066,My,Matys,1666446933,Male,5 Annamark Alley
82-7944663,Ashley,Shorey,3877196702,Male,9 Merry Point
